T_Acc,Alanine,Asparagine,Aspartic.acid,Butanoic.acid.4.amino.,Citric.acid,Fructose,Fumaric.acid,Galactinol,Galactose,Glucose,Glutamic.acid,Glutamine,Glycine,Isoleucine,Lactic.acid,Leucine,Lysine,Malic.acid,Maltose,Myo.Inositol,Ornithine,Oxoglutaric.acid,Phenylalanine,Proline,Putrescine,Pyruvic.acid,Raffinose,Serine,Spermidine,Succinic.acid,Sucrose,Threitol,Threonic.acid,Threonine,Trehalose,Tyrosine,Valine
6C_410,0.16938765,0.665308792,0.878163578,-0.584248845,0.547241884,0.485030315,-0.007731798,0.594795727,0.065335445,0.29827073,0.738813094,0.668785247,-0.86643786,-0.659210233,0.042397177,-0.122310775,-1.161108827,0.87525612,-0.895001212,0.55408425,-1.2025634,-0.712833069,-0.471667717,0.442046816,-0.247988179,-0.35368333,0.814505241,-0.144723322,-0.486444267,-0.472998406,0.414477346,-0.785330029,-0.107204125,-0.770735534,0.453905723,-0.663790685,0.552717407
6C_428,0.744329283,0.065681535,0.707376794,0.144708063,1.055244838,1.069109302,0.091903302,0.643739484,0.262664307,0.76120038,0.484838602,0.139320491,-0.814205997,-0.517625526,0.735181637,-1.181239155,-0.62062289,0.914301328,0.071596568,0.80032897,-0.626497586,0.032610108,-0.633395949,0.505285789,-0.254437706,-0.349580335,0.825323229,-0.873713695,-0.636801436,-0.553760483,-0.336797044,-0.880249259,-0.128601514,-1.163472347,0.195077134,-0.466693511,0.215963388
6C_766,1.044070225,0.331253667,0.507232714,-0.318759452,0.056161732,-0.958937121,-0.133997648,0.007677011,-0.364577896,-1.467028188,0.767880169,0.482322816,-0.166095335,-0.179484529,0.319507541,0.28016284,0.066196281,-0.051473158,-1.162916011,-0.059454961,0.687741885,0.179220875,0.037533675,0.823418193,0.276313492,-0.202104497,0.231883373,0.243879815,0.570331199,-0.59353166,0.222394208,-0.486628094,0.498384802,-0.399148797,-0.302161509,0.129015698,-0.231741159
6C_768,-0.438498422,1.052590114,1.167429645,-0.224374607,0.915958949,-0.445012172,0.477714787,-0.303045739,0.196813635,-0.772891337,0.940849943,0.84387489,-0.815693447,-0.982050983,-0.080323831,-0.861354281,-0.000982709,1.239502377,-0.303184132,0.827231894,-0.055336129,0.329155729,-0.504328766,0.553535407,-0.115215758,-1.086032926,0.237163424,-0.523022626,-0.900147292,-0.305312723,0.100858397,-0.373131353,0.859877756,-1.172562613,-0.045945286,0.376026549,-0.79614381
6C_991,0.285086535,0.117919703,0.031472892,-0.52664145,0.721983497,0.556972771,-0.646440362,-0.167979491,-0.844888762,0.622292872,0.455086634,0.313551727,-1.048501591,0.35100841,-0.240550441,0.1735229,0.453692319,0.247353357,0.142346432,0.878372463,-0.556666905,0.317976737,0.578259013,0.313353208,0.03576139,-0.743979554,-0.092294095,-0.563236119,-0.284770079,-0.642356429,0.50643118,-1.162870578,-0.366594331,-0.409838823,0.554338486,-0.061564423,0.379414003
6C_992,0.398498925,-0.153661199,-0.091052784,0.040320338,0.540620508,0.396759423,-0.730170455,0.189835738,-0.360016905,0.290272972,-0.169783096,-0.2130161,-0.715571077,0.730739779,-0.482708587,0.945303342,0.251134686,0.381718369,0.880836625,0.584927575,-0.633859827,0.144209474,1.08645664,0.191096934,-0.042288776,-0.372077558,0.137365546,-0.730486222,-0.636456398,-0.629404219,0.041288832,-1.060222875,-0.150432168,-0.832229409,1.024402095,0.453815128,0.87966974
6C_997,-0.507155772,0.530983938,1.002284867,-0.681747916,1.306776454,0.74238587,0.075622564,1.038004527,-0.321288278,0.759111709,0.505118101,0.634174143,-0.833577894,-1.051937183,-0.090815078,-1.130571234,-0.661641954,1.136002081,0.243199886,0.581461914,-0.744921111,0.145627109,-1.328273414,0.705706829,-0.471251747,-0.578495297,1.00345465,-1.179817792,-0.787275315,0.167652552,0.28894146,-0.761620831,0.531428904,-1.110222736,0.812001207,-0.765706636,-0.440449751
6C_1002,0.843806651,0.119292559,0.163851993,-0.269885515,0.051296818,-0.414623181,-0.380266281,-0.198841924,-0.58257817,-0.21241186,0.520818802,0.13089026,0.0924117,-0.103838305,0.048482443,0.097919661,-0.160843897,-0.017890146,0.440194063,0.609013506,-0.147061875,-0.335990125,0.710109109,0.107829838,0.633943103,-0.495670608,-0.136271182,-0.618344914,-0.24370726,-0.173443079,0.144825917,-0.818644263,0.343747838,-0.481220351,0.952432979,0.016503576,0.270185905
6C_1061,0.622673787,-0.265603274,0.891648085,-0.093019201,0.983854775,-0.603450646,-1.389470014,-0.127266298,-0.425361303,-0.471705356,0.56966793,0.161737238,-0.742052249,-0.512267553,-0.40687006,0.313713064,-0.612310744,0.418917052,0.485854222,0.653987813,-1.039020869,0.380975692,0.072056822,0.262442626,-0.904143485,-0.143407533,-0.220945659,-0.563115833,-0.993215672,-0.51345688,-0.612893995,-1.134354324,-0.339998446,-0.873693265,0.682849729,-0.626735942,0.207280697
6C_1062,0.776402996,0.152174974,0.419980214,-1.126490036,0.33501673,0.293912233,-0.601668235,0.85589618,-0.627930175,-0.275383217,0.895487886,0.477822449,-0.920128064,-0.324695981,-0.138019438,-0.057745488,0.150856201,0.566717437,-1.118056579,1.655124095,-0.722341402,-0.048156362,-0.854518328,1.144436529,0.06160675,-0.884335631,0.776741024,-0.191799292,-0.958898798,-0.527657282,0.63734498,-1.166553211,0.079178122,-0.660895114,-0.66032365,-0.22023306,0.403924699
6C_1158,0.313852208,0.498215332,0.67792183,0.264858578,0.620512124,-0.525483137,0.341714446,0.339367592,0.114852355,-1.021244471,0.540029904,0.476323292,-0.073492248,-0.418098602,-0.508487698,-0.171474443,-0.367077129,0.675120845,-0.441073567,0.404616673,-0.503504615,0.480822102,-0.340000338,0.368459147,-0.427983991,0.111879849,0.146663422,-0.572732867,-0.454160223,-0.590703764,-0.107646087,-0.668360677,-0.444622992,-0.728638164,0.37356532,-0.107806846,0.162770628
6C_1254,-0.139424266,0.808294496,0.389358781,0.171773327,0.618701606,1.718587017,0.610502078,1.210234238,0.473418991,1.454488386,0.539756443,0.554118007,-0.375628466,-0.622590785,-0.56217164,-0.906009256,-1.214964623,0.294279231,-0.276080899,1.145242605,-0.413351855,0.466395829,-0.252278233,0.983872723,0.355077299,-0.329498284,1.316131663,-0.203545495,-0.689832648,-0.209490442,0.858461367,-0.751373659,-0.133719856,-0.594082809,0.171525704,-0.650498166,0.054132133
6C_1257,-0.546637926,0.066324934,0.515066249,-0.397993392,0.622294857,1.818411969,0.41927404,1.720891034,0.812519683,1.957475836,0.449811667,-0.039044917,-0.813017363,-0.577134505,0.444024293,-0.90263559,-1.213732949,0.744541935,0.346026509,1.342813021,-1.255677302,0.079267391,-1.101018842,0.625845529,0.20971074,-0.43862864,1.781137762,-0.680274265,-0.984024569,-0.445747339,1.118180775,-0.974428337,0.141966602,-1.039395779,0.049303518,-0.512328559,0.307798848
6C_1552,-0.213026048,0.913146238,0.546500398,-0.309124894,0.889636984,0.871559205,-0.073463988,0.626055672,-0.852328561,0.750830834,0.116940597,0.703596765,-0.35583217,-0.399264258,0.18793703,-0.329487956,-0.493623345,0.93522929,0.121401873,0.023101132,-0.079711819,0.867621447,-0.202328125,0.190697368,-0.535590521,-0.764107887,0.373136363,-0.648565852,-0.724908114,-0.370189733,0.087714541,-0.754586957,0.134653613,-0.669043186,0.387131532,0.29638776,0.284738984
6C_4807,0.526614647,1.084444141,1.089936759,-0.078415509,1.153817607,-1.272275074,-0.22554393,-0.494642039,0.272638855,-1.277071897,0.974105129,1.046309346,-0.827431142,-0.84500906,0.839335485,-0.139077279,-0.268751542,1.037191497,-0.134309961,0.634158397,0.18444982,0.264662932,0.143509217,0.656740538,0.63218686,-0.311066335,0.118554629,-1.033198063,-0.116282704,-0.379976167,-0.116223588,-0.362549502,0.241810321,-0.550762592,0.264177191,0.106995655,0.291720975
6C_5210,1.191783119,0.460760254,0.505967181,-0.362462345,0.809163807,-0.786954479,-0.084409622,-0.328352713,-0.800494207,-0.798491279,0.828121058,1.009853919,-0.423103584,-0.056082614,0.03862305,-0.197815694,0.047517676,0.826853627,0.010385256,0.568108395,-0.024851307,-0.059322935,-0.034840054,0.794236236,0.191443176,-0.28540765,0.021828098,-0.752343327,-0.088450005,-0.409515443,0.257326539,-0.713615187,0.218179319,-0.491596513,0.802514772,0.042097289,0.72191632
6C_5276,-0.112097343,-0.045033173,0.724176063,-0.452592876,0.372683686,-1.155772417,-0.266483835,0.494971588,-1.265503579,-0.788899659,1.322572839,0.102063861,-0.905661957,0.093978854,0.938012714,-0.414072329,0.080989667,0.946498265,0.0026591,1.166869238,-0.918177698,-0.01719962,-0.146967907,1.307296199,-0.213026802,-0.410372296,0.254587475,-0.253313262,-0.677724677,-0.157314979,0.75158169,-0.828521646,-0.157175586,-0.328909938,0.280447054,-0.611435659,0.849562195
6C_5651,0.645517599,-0.138879555,0.156570829,-0.190841545,0.226171435,-0.187341956,-0.134719962,0.349917999,-0.174245178,0.028239226,-0.184272095,-0.014996391,-0.730671047,-0.039305102,-0.061359873,0.07357115,-0.035361907,0.362518543,-0.504995975,0.726972678,-0.754777069,-0.373774335,-0.158343938,0.679504163,0.161998379,0.523752617,0.222456589,-0.333144855,-0.020057521,-0.072202626,0.22959352,-0.681976883,-0.108081813,-0.798379035,-0.121472593,0.031340217,-0.850578054
6C_5717,0.757009158,0.422366918,0.516739827,-0.279856885,0.191627232,-0.046569829,0.147959931,0.641452435,-0.73506457,0.303816024,0.628439816,0.631930767,-0.379164694,-0.177839757,0.333459608,0.055660196,-0.371077975,0.543938,-0.417460485,0.787612284,-0.223435129,-0.504527854,-0.084142305,1.260961416,0.280866701,-0.252286217,0.585682046,-0.152108284,0.113331547,0.07861912,0.342130084,-0.560488707,0.212210109,-0.698154365,0.130588157,-0.120558376,-0.090697847
6C_5726,-0.407263436,-0.455868132,0.44410018,-0.749825828,0.598961362,-0.478082228,0.410132149,0.51719953,-0.45228897,-0.420210035,0.575890461,-0.263550923,-0.953430332,-0.081807275,0.885310737,0.029854832,-0.236302243,0.686649445,0.431247657,0.994961121,-0.494180729,0.572555724,-0.03143541,0.926585144,-0.262326437,0.365903952,0.399527193,-0.669447615,-0.538366422,0.005850257,0.494267042,-0.534387748,-0.022927573,-0.749388133,0.62100025,-0.455391208,0.071966195
6C_5772,0.67820915,0.383859788,0.668123239,-0.770895861,1.091812642,-0.321886867,0.325895277,0.515346839,-0.481711759,-0.345059299,0.64310183,0.350146382,-0.445034707,-0.337587655,0.827522667,0.130616959,-0.84625148,0.605972065,-0.843152922,0.454415007,-0.342224685,-0.292967372,-1.375682831,0.709029626,-0.064007099,-0.637630635,0.480961433,-1.257032657,-0.284882643,-0.436454654,0.137213688,-0.489198698,0.520654457,-0.565230762,0.505127467,-0.25403884,-0.143382665
6C_5776,0.396879385,0.289969655,0.504270914,-0.329150967,0.155611549,0.07485157,-0.043718454,0.144281167,-0.54160701,-0.07007637,0.463633786,0.597086354,-0.56282828,-0.256488007,0.395410891,-0.14339816,-0.688518869,0.484607411,-0.613700379,0.449827289,-0.21840936,-0.871709441,0.087116935,0.730456507,0.165653356,-0.337397518,0.049784745,-0.001795606,0.09013386,-0.29679038,0.358459984,-0.575757413,-0.282022977,-0.55600359,0.098734725,0.086247458,-0.427713699
6C_5779,-0.039395286,0.315907749,0.853613511,-0.166014282,-0.109433718,0.052114408,-0.48571515,0.206560624,0.098375768,-0.192317575,0.677405626,0.613711769,-0.731919238,-0.390189751,0.334490321,-0.488969368,0.026548213,0.391201115,-0.827130238,0.336530967,-0.151083035,0.486847628,-0.23537227,0.668764057,-0.037628082,-0.069368247,0.110077664,-0.556367228,0.066877094,0.063446907,0.358407852,-0.65625262,-0.220332508,-0.379340389,-0.004600641,-0.214707805,-0.033650949
6C_5800,0.838055065,-0.338129608,-0.237961014,-0.444778743,-0.251602592,1.105471423,0.408998723,0.84903867,0.018664641,0.927415544,0.578729593,-0.211448259,-0.325259972,-0.353025138,1.004033724,0.269056423,-0.378308165,-0.177701001,-0.1278083,1.343917106,-0.021115691,-0.752950416,-0.079054973,0.920136388,0.32985851,-0.186142777,0.532691589,-0.72063893,0.057644567,-0.416667952,-0.065610756,-0.886224819,0.10649465,-1.098665807,0.609439944,-0.049322141,0.185623573
6C_5832,0.347177451,0.393936463,0.777363803,-0.372244353,0.45761829,0.179232334,0.376029191,0.39981261,0.15564156,0.257774282,0.149693826,0.018781,-1.036367318,-0.605942777,-0.651151443,-0.771204082,0.004651426,0.591069291,0.235948129,0.516331243,-0.466570504,0.251954701,-0.371117573,0.394739749,-0.201165878,-0.623461098,0.206610802,-0.402140342,-1.044541148,-0.048037067,-0.205257671,-1.170356044,-0.039133217,-0.419939083,0.144114027,0.089564886,-1.009391012
6C_5865,0.053092389,0.586277266,0.483641299,-0.070596664,1.233395372,-0.04927914,-0.270959647,0.646742485,0.126436398,-0.473994217,0.247632435,0.777484856,-0.78795581,-0.181711983,1.012993581,-0.157856654,-0.269477237,0.862491919,0.300598776,0.071995808,0.061281196,0.151185234,-1.010775556,0.872177098,-0.318005635,-0.504620338,0.823044921,-0.807449186,-0.242114403,-0.298181572,-0.114907808,-0.140906149,0.552962902,-0.859643782,0.763734318,0.201121356,0.395178766
6C_6009,-0.566847935,0.567037541,0.96427831,-0.490957285,0.982118656,1.200730596,-0.049413685,1.321926299,0.205941765,1.051894323,0.527361818,0.533643432,-1.18046601,-0.655623188,-0.467324899,-0.904947244,-0.277301886,1.267307543,-0.263285046,1.005881596,-0.623074432,0.689967819,-0.761903978,0.439151505,0.051367824,-0.597646269,0.934989391,-0.14267963,-1.399948364,-0.358246978,-0.190717372,-0.841266475,0.694573807,-1.396150835,0.320964369,-0.188527782,-0.050477013
6C_6011,-1.016625838,0.173851037,0.566605613,-1.174719472,0.474825067,1.074711218,-0.643952789,0.464083291,-0.195237631,1.027056075,0.018515946,0.091002537,-0.718653282,-0.015743319,-0.204944432,-0.487797587,-1.584926534,0.535814731,0.235138146,0.849414152,-0.941196561,-0.552673516,0.543689732,0.515349268,-0.332578742,-0.951266783,0.272403781,-0.004683446,-1.546516767,-0.284251381,0.096688271,-1.213828379,0.352031854,-0.530571794,0.1845311,-0.815570267,0.588983419
6C_6012,0.258524906,0.07318843,0.798716526,-0.4605953,0.786017539,1.477047411,-0.426997393,1.270220378,-0.291288065,1.368013937,0.178556359,0.224603354,-1.127965045,-0.595342749,-0.889338639,-1.20679078,-0.309951217,0.543134474,-0.078690646,1.185566469,-0.571584127,1.059169161,0.08961308,0.687932897,-0.531408111,-0.222774952,0.953558212,-0.546505614,-1.239880198,-0.166690607,0.402798266,-1.054934888,0.314125888,-1.299460971,0.085990354,-0.195096005,-0.110228499
6C_6016,-1.157750673,0.572740073,0.836045178,-0.711244037,1.058200053,1.378297867,1.244051413,1.003136314,-0.321723497,1.368893383,0.401977868,0.545466737,-1.047845027,-0.702166232,0.067598577,-0.268140031,-0.642350669,0.674083057,-0.817800409,0.899331278,-0.502506109,0.472802623,-0.47532369,1.016182574,-0.039125547,-0.364943513,0.936057375,-0.717067205,-1.336472863,0.02889276,0.754744964,-1.311545903,0.45331644,-0.602740091,-0.096838942,-1.051553061,0.379129879
6C_6017,0.238284602,0.700309378,0.573847352,-1.218786512,0.499215091,0.999275077,0.68587501,0.622954375,-0.006809203,1.000221374,0.10012309,0.558992593,-0.862455507,-1.429727238,-0.707943901,-0.834375328,-0.218565872,0.701125631,-0.537242789,0.80044302,-0.771890797,0.707828443,0.164593886,0.403590362,-0.017544728,0.177645675,0.598566057,-0.511080065,-0.974867139,-0.270426411,0.101826514,-0.918317471,-0.363224309,-0.553937234,-0.190719349,0.391957646,-0.110490849
6C_6020,0.415458214,-0.57869917,0.174606498,-0.752062011,0.674549101,-0.23604865,-0.037843857,0.226118971,0.194345477,-0.162613036,-0.127449207,-0.432923176,-0.777114093,-0.053134046,0.027149307,0.109901809,-0.399481675,0.590075896,1.122222639,0.652826756,-0.505913141,0.279108693,-0.187917635,0.669178813,-0.409037846,0.139694409,0.311348862,-0.741042767,-0.97455778,-0.188366666,0.935538795,-0.754845659,-0.021662449,-0.887758226,1.603138211,0.297255706,0.356271201
6C_6021,0.104111779,-0.312694823,-0.641532863,-0.501809613,-0.437752608,0.356638645,-1.093491455,0.213575618,0.156919853,0.352316488,0.399528969,0.105425406,-0.385042312,-0.356010896,-0.076388867,0.253675245,0.094149478,-0.76740667,1.369442126,0.932347004,-0.157598016,-0.607428434,1.847875248,0.731009792,0.773059486,-0.68385009,0.340398436,-0.543309087,-0.204123382,-0.500510011,1.177046112,-1.01732237,0.386693488,-0.862894542,1.706309081,-0.275720142,0.703175251
6C_6023,0.481311196,0.269141368,1.079250339,-0.104936957,0.91777291,-0.050192089,-1.085139843,0.127843021,-0.693460593,-0.214028189,0.651311369,0.767731373,-0.186029624,0.083956553,-0.193059231,-0.174280923,0.13060832,0.546542224,0.507560093,0.753593846,-0.590224876,-0.123865546,0.46431827,0.788291349,0.276045838,-0.861067687,-0.021217576,-0.650680237,-0.360192718,-0.533444249,0.632520835,-0.689128914,0.235134413,-0.626742971,0.433063074,-0.323664565,0.189542617
6C_6024,0.275329457,0.141733364,0.934878878,-0.200428306,1.345954075,1.354879782,-1.017321414,0.446319084,0.287175193,1.233938787,0.489106055,-0.036787997,-0.711366221,-0.564387417,-0.227169423,-0.202442099,-0.465896826,1.035972161,-0.304064646,0.709069039,-1.213737488,0.478786379,-0.686383296,0.988800829,-0.892043588,-0.548975132,0.605944398,0.481820392,-2.044447275,-0.350097072,1.125225151,-1.339900069,0.508589224,-0.814086354,-0.321521522,-1.16296005,0.458150713
6C_6030,0.295840835,0.27494274,0.19056384,-0.395581794,0.284066169,1.021639796,-0.739733041,1.264378053,0.604931039,0.904319776,0.375370549,0.182356779,-0.564889293,-0.621948257,-0.005992382,-0.483925988,-0.880781115,0.248419954,-0.323488897,1.174130298,-0.233768655,-0.408950333,-0.317061028,0.580085927,0.30418976,-0.666166253,1.32464951,-0.791541356,-0.799166516,-0.177314079,0.973891179,-0.605398348,-0.192461835,-0.967031856,0.352180051,0.295706121,-0.053204108
6C_6034,-0.141351889,0.808441487,0.275279814,-0.480452109,0.160034343,1.026290398,-0.783648159,0.958328919,0.232162043,1.023687334,0.344018674,0.65260717,0.254631383,-0.587846973,-0.181325086,0.022560065,-0.725260587,0.253608601,-0.416207841,0.660960558,-0.488332057,-0.259288077,-0.249333857,0.804861239,0.460941694,-0.73050555,1.038366453,-0.465229225,-0.777299149,-0.451689253,0.741941099,-0.818869763,-0.011510824,-0.945651643,0.340585616,-0.273282871,0.172028281
6C_6035,0.96237209,1.032097153,0.557854842,-0.388050192,0.622495575,0.020261283,-0.553049842,-0.330026521,-0.578457357,0.367168163,0.250534378,0.699902138,0.303655913,-0.200713398,0.407884162,0.020099798,-0.11216412,0.194020496,-0.804128819,0.369002696,-0.317055367,0.01175849,-0.916137208,0.074338857,0.403267898,0.033259404,-0.006371198,0.232773103,-0.517620235,-0.525639707,0.325272885,-0.389932419,-0.061823866,-0.04436817,-0.218518535,-0.286720742,-0.080151101
6C_6036,1.083514754,0.201814948,0.439558659,0.131945328,0.057784281,0.04302888,-0.255611695,0.245306622,-0.328327661,-0.457879379,0.236028486,0.29002202,-0.549174624,0.261260229,-0.49381592,0.295423552,-0.382479614,0.641853316,0.112214676,0.116657058,-0.285142023,0.277021237,-0.160013,0.755613067,0.260151926,-0.206509024,0.304571506,0.024164687,-0.747468802,-0.042700467,0.669782962,-1.121864271,-0.147009364,-0.207538139,0.29092622,-0.168290834,0.575288429
6C_6038,0.853752204,0.817444771,0.869628865,-0.749118209,0.660826178,0.031851825,-0.957641391,0.310699914,-0.703241485,-0.079617572,0.258837087,0.655822559,-0.234293402,-0.314410718,-1.170574593,0.044456739,-0.211620678,0.477616663,0.105116519,0.153448139,-0.57988354,0.72179529,0.302721513,0.758230784,0.276837175,-0.463280006,0.385398166,-0.495983108,-0.668954246,-0.438837858,0.517142634,-1.174011702,-0.206850956,-0.633698641,0.34250267,0.593911485,0.498343026
6C_6040,0.895026339,0.989485585,0.851286959,-1.042415083,0.975204034,0.706586454,-0.838405148,0.203158883,-1.231653345,0.771035232,0.981848886,0.956082642,-0.503501947,-1.232388879,-0.413343781,-0.805083638,-1.345345818,0.748104609,-1.442235377,1.223577306,-1.416828826,-0.021863304,-0.03940246,0.774844281,1.018883401,-0.257854872,0.062466673,0.079294535,-0.439388666,-0.487899607,1.096710426,-0.864388965,-0.224827891,-0.360111305,0.243294323,-1.332529561,0.303799234
6C_6043,0.180711551,0.834954364,0.455534685,-0.784028449,0.49958307,0.794635006,-1.413766598,1.599236389,0.239621166,0.42399297,0.231554144,0.417483049,-0.894096963,-0.460688689,-0.715674946,-0.347978426,-1.445694187,0.208329801,0.418425174,0.891364548,-0.747279415,-0.18515481,-0.713298852,1.102798104,-0.002143375,-1.083869082,1.383717854,-0.062806457,-1.634517948,-0.649218801,0.138576356,-1.473906571,0.17239658,-0.8684683,0.684428779,-0.39153812,0.798796667
6C_6064,-0.232989948,0.049816873,1.045445831,0.636164937,1.277845776,1.348385523,-0.558998855,1.003120657,-0.056587617,1.041172021,0.275442269,0.134537007,-1.250278239,-0.164789499,-0.581091809,-0.380695805,-0.968928516,0.498209229,0.650564338,1.026599528,-0.596903211,0.337645164,0.142152004,0.814688318,-0.445050221,-0.569420161,0.748224425,-1.087507934,-1.408145808,-0.270322554,-0.06409861,-1.272209567,-0.036062261,-1.55992908,0.640506732,-0.130548294,0.100533579
6C_6069,0.240929217,0.872292619,0.621851987,-1.349316218,0.699031627,0.750992616,-1.275466731,0.668063701,-0.471711697,0.417782551,0.111838718,0.551632558,-0.92478385,-0.300503963,-1.075989165,0.072526767,-0.722761053,0.014153619,0.239136614,0.489036607,0.218035675,-0.680438321,0.532450462,0.450590506,0.344216286,-1.446337935,0.166083341,-0.724952393,-1.0620532,-0.95831196,-0.470055988,-1.051216193,0.328730182,-0.558457685,0.531267286,0.140587122,0.32623287
6C_6070,-0.326789104,0.691628638,0.686280495,-0.31430362,0.374441,1.400162952,-0.617592484,0.456718977,0.161579348,1.272146378,0.428952348,0.418899541,-0.372086792,-0.405975404,-0.657089652,-0.627870523,-1.307619689,0.922164431,-0.250118254,0.106371643,0.477614711,-0.133336229,-0.069409824,0.177683498,0.073309685,-0.813544063,0.230485693,0.501178781,-0.632812267,0.218324219,0.194341973,-0.930430096,0.244094862,-0.558556712,-0.762829793,-0.238810135,-0.15303052
6C_6074,-0.078155565,0.402559054,-0.26602556,0.18943107,-0.62261157,0.329390994,-1.776682599,0.725709117,0.270574934,0.237184188,0.421045877,0.188697061,-0.306738155,0.077901279,-0.528268116,0.124595785,0.079294567,-1.473894494,0.295536293,0.697819988,0.018314336,-0.753364589,1.210923081,0.908002885,0.413529394,-0.684439769,0.531428339,-0.16544659,0.058312055,-0.388878285,-0.405453985,-0.826943198,0.366779344,-0.690588798,0.631723543,0.099562366,1.170634258
6C_6076,1.229946725,0.923144183,0.958247268,-0.031971387,0.487104644,-0.019823628,-1.707075009,-0.428809699,-0.994166781,-0.123173939,0.913132477,1.436580981,-0.48175653,-0.858360956,0.053590855,-0.379117018,-0.010882792,0.408284845,-0.678749479,0.004632139,0.13647022,-0.429368923,-0.207645972,1.116262775,1.028072956,-0.679317508,-0.349129542,-0.978564483,-0.442923812,-1.092616897,0.219130226,-0.899253787,0.072553465,-0.744829512,-0.256561449,0.504426222,-0.341194984
6C_6085,0.210200592,0.062360302,0.994229896,-0.159667151,0.403066297,0.927602845,-0.004044976,0.735973375,-0.404606691,0.476662912,1.412738509,-0.421564451,-0.716403373,-0.201357193,-0.581584884,-0.740035985,-0.888075318,0.364503361,0.653866271,1.028026924,-0.748223602,-0.140034966,-0.005357817,0.95280457,0.157313384,-1.079497174,0.608906389,0.022892015,-1.162056426,-0.458572816,0.433316036,-0.978722299,0.528622223,-0.685080814,0.739739005,-0.43573064,0.715136336
6C_6090,-0.363556011,0.018137614,-0.149730297,-0.306004488,-0.114928472,0.459484938,-0.048338709,-0.043124574,0.002359104,-0.335413343,0.454252119,0.218164398,-0.53462369,-0.294838499,-0.129624189,-0.202526046,0.024263364,-0.306778874,0.072224077,0.649466531,0.026997021,-1.167328328,0.299713148,0.359134027,1.063352568,-1.556450245,-0.185323491,-0.295538638,0.062876584,-0.516936862,0.071002147,-0.825815499,0.573626866,-0.379989321,0.023252655,0.099623986,0.029733532
6C_6094,1.225167211,0.72684315,0.674832041,0.020345359,0.016066393,-0.234207334,-1.114649867,-0.164549513,-0.510497974,-0.633959229,0.862831311,-0.132053608,-0.027050723,-0.22755075,-0.168331761,0.190465973,-0.628958308,0.044554784,-0.342872469,0.810806649,-0.56141338,0.452772469,1.412935522,0.45863437,0.782322832,-0.316381628,-0.099999845,-0.544838055,-0.627655974,0.101636944,0.134324698,-1.074667267,0.273504004,-0.515197162,0.549423318,0.836404835,0.70960126
6C_6097,0.795504372,0.527803716,0.527988162,-0.979002925,-0.382150598,0.80267664,-1.3318647,-0.069168568,-0.021537364,0.667166946,0.400035397,0.416939239,-0.327604527,0.003744676,-0.774880203,0.127043609,-0.318552013,-0.638192126,-0.329753398,1.115852697,0.120818934,-0.106245187,0.179520834,0.623359387,1.057841784,-0.847429902,-0.064221882,-0.310451663,0.009291893,-0.928563796,0.475735817,-1.329046115,0.213376026,-0.014412854,-0.001466489,0.128283357,0.163934656
6C_6099,0.909999043,0.811644442,0.51858619,-0.463183109,-0.322535551,0.534320445,0.155870056,-0.496763903,-0.560859294,0.094249425,0.093407482,0.598144265,0.628329926,-0.253238245,-0.924849751,-0.0965022,0.126178137,-0.092674019,-0.345323618,-0.253685629,-0.132173855,-0.332252545,0.572961595,0.046829383,0.65406146,-1.037342009,-0.257732252,0.204769558,-0.11323355,-0.318176942,0.06325678,-0.933948023,0.055978475,-0.072417038,-0.167443192,0.689105904,0.513426532
6C_6102,1.267855714,0.021486841,-0.446240298,0.316804525,-0.367909026,-0.443942608,-0.077667453,-0.111805416,0.21973215,-1.022856795,0.890517289,0.081842322,-0.506286331,0.120637324,-0.406058125,0.17174287,-0.564720251,-0.677903288,-0.359324556,0.346698372,-0.356829773,0.268735646,1.118222608,1.115213996,0.42786648,-0.203398475,-0.117966662,-0.716954147,-0.404562468,0.090961583,0.033064232,-0.94074299,-0.028371649,-0.573532507,0.216695704,0.232089188,1.238106974
6C_6104,0.130846728,0.802065482,0.396381943,-0.406399212,0.440632197,-0.072457192,-1.022698257,0.986025791,-1.269562525,-0.835276579,0.514778819,0.719108984,-0.484865511,-0.630130802,0.04367729,-0.4073911,0.110918815,0.696902189,-0.350265401,0.641803186,-0.36401844,0.114853169,-0.693070709,1.20894745,0.82821358,-0.790820008,0.927887798,-0.320773812,-0.256021338,-0.513709257,-0.135950356,-0.391537007,-0.677291689,-0.769975833,0.645742078,0.217604576,-0.291024047
6C_6105,0.617116037,0.412335262,0.464266791,-0.508432551,-0.270562805,1.193065,0.448996834,0.330145204,-1.418576425,0.671144951,0.225823702,0.006495672,-0.405272722,0.009601169,-0.967359418,-0.287483344,-0.987535716,0.19771438,0.846979329,0.619656201,-0.380669228,0.218860364,0.50475052,0.48241138,0.483797428,-0.864741199,0.185434195,-0.632985369,-0.540049606,-0.296978885,0.623011697,-1.157864563,-0.029643176,-0.316168524,1.183972561,-0.80544662,0.580782568
6C_6106,0.338512498,0.500367021,0.860384307,-0.499571818,-0.50415102,0.521522682,-1.157086385,0.04719094,-0.735640489,0.212359952,0.504204457,0.522604883,-0.564912192,-0.374439781,-1.022180279,-0.488968791,-0.02439479,0.229810151,0.08267512,0.809852856,-0.237162568,0.009340344,0.698118914,1.157924372,1.315723738,-1.502768316,0.046240164,0.007675638,-0.315055951,-0.953057636,0.354899068,-1.369920109,0.492691509,-0.383524159,0.96389403,-0.384374533,0.79136432
6C_6107,-0.366832778,0.253156807,0.684920656,-0.560182441,0.576252922,0.566311127,-0.114075964,1.164222191,0.126383659,0.362599881,0.859547855,0.483226132,-0.137102812,-0.732382606,0.119662018,-1.796804228,-0.295803179,0.393694109,-0.303711803,0.767325879,0.497797812,0.468977116,-0.559029351,0.938939894,0.134515645,-0.506392677,1.145965221,-0.327183024,-0.145498076,-0.538383611,0.370919147,-0.791606916,-0.047287553,-0.761751366,0.121831216,-0.300507443,0.144028137
6C_6109,0.665360667,0.790505362,0.528551589,-0.591159489,-0.411942655,-0.006132298,-1.408932141,-0.053268827,-0.405764346,-0.301732237,0.359596739,1.010088121,0.231017427,0.18131578,0.076912888,0.031243903,-0.779124129,-0.383436363,0.044474922,0.588636808,0.159121198,-0.259377472,0.077692927,0.65600647,0.895122282,-1.3042682,-0.042510611,-0.608436776,-0.391735476,-0.990796843,0.551042437,-1.385651101,0.322844835,-0.129586232,0.485022014,-0.183185961,1.358008251
6C_6111,0.951152238,1.291952696,0.443920082,-0.190196127,0.145501008,-0.014560847,-1.089506828,-0.0696399,-0.454968531,-0.062739771,1.362628549,0.459776428,-0.407374536,0.165285831,-0.347141894,0.400498669,-0.269299446,-0.206269611,-0.1460144,0.603925687,0.200202317,-0.070113622,0.715211513,0.609717532,1.162222673,-0.765932731,-0.210889459,0.010462522,-0.729752555,-0.691634992,-0.01334299,-0.939987274,-0.045556452,-0.295214276,0.318155889,-0.478472947,0.449719003
6C_6114,-0.096000159,0.248140828,0.262387419,-0.441885017,0.340753898,0.318391881,-0.802291034,0.317538983,0.149698208,-0.180164718,0.508149379,0.250693645,-0.015582702,-0.483921865,-0.134110762,-0.621014006,-1.076539024,0.516877391,-0.456917698,0.755048252,-0.500881131,-0.333834299,-0.58411715,0.90867223,0.546117475,-0.608045733,0.400197926,-0.390497288,-0.18583683,-0.069753965,0.038916465,-0.792997381,0.517256947,-0.600375684,0.413151591,-0.94441441,0.268058642
6C_6122,0.523397093,0.49269359,0.900372462,-0.818728565,0.61768305,0.015256435,-1.291990975,0.123220392,-1.18893182,-0.257603925,0.202691067,0.381931954,-0.771571758,-0.11798568,0.113240787,-0.055586108,-1.152416585,0.865916867,-0.950801711,0.759538257,-0.181015123,0.438589005,-0.21442702,0.998449281,0.170993157,-0.347855636,0.080827505,0.106143217,-1.01901987,-0.627131766,0.565020016,-0.754993676,0.186261774,-0.564971576,-0.374128803,-0.820665891,0.606845884
6C_6124,0.133351274,0.119396629,0.47816626,-0.263275904,0.439961448,0.344174265,-0.139794999,0.870311253,-0.463785117,0.100490711,0.700604877,0.520482504,-1.175466875,-0.790370582,0.516157382,-0.088818763,-0.466288381,0.418383966,0.056473411,0.69229611,-0.083194227,0.205111376,-0.561845227,0.860110872,0.627358278,-0.547589726,0.846802211,-1.184285341,-0.137538961,-0.915748068,0.089119945,-0.348422356,-0.039457649,-1.147340033,0.819619201,-0.15948275,-0.684111925
6C_6125,-0.265992534,0.841956332,0.466566502,-0.05830225,0.708525361,0.276933263,-1.032067302,0.462981825,-1.101919199,0.070650376,0.506650326,0.809784302,-0.796609549,-0.515973824,0.271939926,-0.42233102,-0.480704494,0.505727483,-0.404841267,0.587141694,-0.261571275,0.55835421,-1.215291917,0.476903811,-0.086924102,-0.917756705,0.309699852,-0.626896666,-0.262364557,-0.696629218,0.05112113,-0.464971575,0.343378528,-0.964735759,0.455811275,-0.097930089,-0.095148155
6C_6126,0.531039256,0.234482351,0.854277159,-0.355790794,0.375634713,0.245335825,-0.285208355,-0.069756245,-1.35339935,0.056527981,0.681457763,0.563955001,-0.453693944,-0.489084838,0.14315965,-0.106903381,-0.113771181,0.947984281,0.105115719,0.240562752,-0.273900556,-0.021405721,0.093273465,0.225793156,0.300517147,-0.471634985,-0.027079888,-0.733212124,-1.095129925,-0.676603395,-0.210012201,-1.018117343,0.185918665,-0.988857899,0.648098003,-0.073068702,0.078546586
6C_6131,0.667308336,1.068051445,1.018979777,-0.488942367,-0.207950915,-0.101754808,-0.839259151,0.831590665,-0.989901212,-0.090868237,1.374855688,0.751747091,-0.596865724,-0.062470127,0.132534224,-0.397015728,-0.965638128,-0.4243408,-0.70074323,1.341908868,-0.474663448,-0.968581814,0.130341786,1.41987471,0.873490576,-0.4740639,0.828742465,-0.111326603,-0.163462657,-1.016721664,0.785280059,-1.138861226,-0.25330943,-0.597080004,-0.219573045,-0.842047449,0.894115612
6C_6132,0.041554932,1.072213698,1.185016533,-0.042291694,0.205516602,1.151843001,-1.226926578,0.261333633,-0.608952433,0.856642753,0.642901695,0.926640092,-0.687107266,-0.380544126,-0.695100509,-0.74077715,-0.485956159,0.504081889,-0.219670088,0.719384028,-0.109519691,-0.113094815,-0.156159567,0.852975282,0.574208669,-0.928179671,0.072729949,1.659064058,-0.773445143,-0.549109661,0.109000902,-1.029544275,0.143325365,0.38025941,0.105695122,-0.919850548,-0.379338736
6C_6133,0.517056455,0.594691796,0.961081276,-0.518353291,0.631847921,0.292258775,-0.754944886,0.650299901,-0.632031523,-0.184158939,0.955904205,0.966976058,-0.866291923,-0.35005917,-0.151916675,-0.933289576,0.003176965,0.686933679,-0.491714405,1.235438239,-0.100320201,0.283813979,-0.125039023,0.719533256,0.703572069,-0.596085681,0.736555913,-0.595737496,-0.428934511,-0.823916695,0.529532264,-0.987253543,-0.322696187,-1.042843566,0.336055262,-0.267272087,0.232568051
6C_6134,0.403829409,0.99791236,0.267359439,-0.073347505,-0.033258566,-0.013637845,-1.272640022,0.400045232,-0.239908389,-0.202670233,0.577609279,0.886594805,-0.394014738,-0.050390412,-0.441613918,-0.381107786,0.372554587,-0.288736304,-0.203442667,0.585683135,0.175613972,-0.697410731,0.283487251,0.863684192,0.787195,-1.231740323,0.359771212,-0.008524556,0.605512366,-0.999707078,-0.039329584,-0.961651087,0.441300818,-0.237874535,-0.07503405,0.174007165,0.522211536
6C_6137,0.80266977,0.690935505,0.520555868,-0.457621531,-0.209204443,0.454638427,-1.620504075,-0.200893099,-1.104899759,0.112257371,0.654764839,0.739204022,-0.332497682,-0.329215916,-0.176736527,-0.445153522,0.090436325,-0.093360622,-0.169036183,0.690343988,0.154812966,-0.584840627,0.019232117,0.776624191,0.984181195,-0.831605437,-0.114274863,-0.549398053,0.003223062,-0.854090089,0.841172942,-0.686639091,-0.117776384,-0.671259949,0.738454549,0.060537917,0.05085268
6C_6138,0.372780235,1.050942358,0.693994967,-0.028107935,-0.332029187,-0.151019498,-0.655400143,0.336937675,-0.374129345,-0.458908175,0.772472875,1.404403493,-0.29528489,-0.352528011,0.396100677,0.154160178,-0.663863726,-0.641114665,-0.587731414,0.157989948,-1.023186087,-0.281793632,0.503140925,1.45193985,1.676340634,-0.917119529,0.296541057,0.044736891,0.099790655,-0.848248112,1.01258239,-0.546812121,-0.671341833,-0.209538748,0.204544831,0.024487575,0.836235043
6C_6140,0.148925738,-0.002068309,0.660970459,0.552430347,0.007762617,0.539994907,-0.972186189,0.261618783,-0.237083602,0.274621587,-0.186805627,0.014128796,-0.230593931,0.115939223,-0.665210414,-0.446729801,-0.138826968,0.245929026,0.205846922,0.644223272,-0.023964484,-0.060575464,-0.143508263,0.298130586,0.175249889,-0.635850595,0.190298991,-0.228227774,-0.577303161,0.017748984,0.038214388,-1.052751821,0.135194099,-0.502891254,0.029011723,-0.01723044,0.559324645
6C_6142,0.425503644,0.62158732,0.59238854,0.521916783,-0.035377293,0.821603915,-0.817390599,0.232645405,0.235729738,0.649094384,0.038392594,0.649014729,-0.965191581,-0.852754975,-0.721545994,-0.728415882,-0.380719171,0.317405931,-0.32198036,0.795997602,-0.59189552,0.483383957,0.002023277,0.739681682,0.324091058,-0.090266684,0.2754893,0.075322746,-0.969914444,-0.371839104,0.946053735,-1.264349685,-0.013051035,-0.447080198,-0.20397532,-0.295865585,-0.165401126
6C_6148,-0.26754037,1.035411811,1.18050885,-0.840383601,0.458973363,-0.262978112,-0.106604982,0.682705564,-1.011763734,-0.701874996,0.947512297,1.254810148,-0.570474741,-0.640409606,0.144258096,-0.787429244,-0.181175323,0.627349164,0.248955564,0.491117042,-0.169754619,0.063470681,-0.440692469,1.160512474,0.75494844,-0.990226007,0.832522111,-0.733557959,-0.325144539,-0.716808743,0.407844967,-0.533612796,0.000476005,-1.18288378,0.873993307,0.075313004,-0.089766013
6C_6150,0.57541263,0.718072007,0.711171493,-0.197717863,0.980489141,0.595658904,-0.999772488,1.066021266,0.185974756,0.274584217,0.79365728,1.015639,-1.05214336,-1.00472076,0.486649674,-0.708174193,-0.216850609,1.047902569,-0.502674262,1.238861226,-0.179616694,0.180359965,-0.828822447,0.612262782,0.747280615,-0.292288653,0.990498411,-0.853973007,-0.448766667,-0.904442384,1.049537572,-0.499495134,0.146604389,-1.089295492,0.721346725,-0.344849963,-0.450661767
6C_6151,0.364095503,0.296525462,-0.055377024,-0.377799047,-0.306635867,0.532040623,-0.856444347,-0.280340594,-0.214749072,0.269097779,0.494001783,0.476672863,-0.401850555,-0.422150621,0.143774646,-0.026216331,-0.44139998,-0.03749219,-0.082173883,0.384273497,-0.430819858,-0.205223258,-0.387065108,0.341769792,0.576943292,-0.541323886,-0.17316655,-0.887633394,-0.235451501,-0.018698258,0.466446428,-0.892549082,0.264328031,-0.927313631,0.349436233,-0.292450069,0.667326615
6C_6153,-0.462757542,0.945876214,0.556827809,0.250071363,0.773884979,1.120951844,-0.352590742,0.673042728,0.104735773,0.800729247,0.513253863,0.512683657,-0.746563613,-0.313205695,-0.254948063,0.260036007,0.122004907,0.119244454,0.092952459,1.0195035,-0.383802403,-0.67465502,0.410923279,0.70225949,0.149163256,-1.092426876,0.725800294,-0.472445708,-0.80484521,-0.321499932,0.107880825,-1.247535013,-0.285439733,-1.054780099,0.520920934,-0.075941346,0.119662228
6C_6169,0.15127338,0.901437944,0.674996625,0.403295408,1.0222843,1.266406371,-0.0592972,1.756468074,0.702585193,1.135980306,0.50283151,0.517046727,-0.673784766,-0.718021512,-0.132634397,-1.080886338,-1.190690405,0.765895141,-0.108100051,1.135235851,-0.813835271,-0.025642578,-0.147345424,1.366599584,0.044268952,-1.22602491,1.472034697,-0.717611614,-1.057474496,-0.113244459,0.095571067,-0.694343404,0.007014972,-1.15892384,0.906754854,-0.401096077,-0.391154513
6C_6172,-0.176456291,0.370667463,0.41505133,-0.077558091,0.540394196,1.055013438,-0.692898438,0.672690737,0.243905346,1.121503691,-0.124376662,0.121392166,-0.93618109,-0.479854055,-0.433679053,-0.350583655,0.252012846,0.481828485,0.213486337,0.97063484,-0.667967349,1.660019988,0.506972608,0.137277413,-0.191501024,-0.051462522,0.620973411,-0.669943586,-1.54736803,-0.184511394,0.09969134,-1.522390795,0.232422944,-1.043366926,0.44772117,0.016832745,0.5631038
6C_6177,-0.596783683,-0.312184167,0.174414487,-0.88033997,0.260830932,1.162052985,0.5081258,1.087658605,-0.199072121,0.777130176,0.083328409,-0.480610706,-1.368706199,-1.207880992,-1.284426822,-1.405815693,-0.397784715,0.133814061,0.361100605,0.839871733,-0.925807842,0.461448,-0.006035914,0.327678931,-0.415931164,-1.237154723,1.126922784,-0.642772224,-1.44703216,-0.129112131,0.909528443,-1.419201425,0.855717816,-1.987958293,1.383915109,-0.309677627,-0.071914135
6C_6184,0.351293904,0.310816891,0.962493769,-0.722328406,1.260508107,1.188410072,-0.826440158,0.220038778,-0.229712344,0.924729678,0.712017053,0.313591667,-0.849104007,-1.211090115,-0.148506012,-0.822301081,-0.568282633,0.868259178,-0.389890685,0.746483623,-0.439076839,0.383822367,-0.063201374,0.751074084,-0.072224452,-0.624621264,0.500495819,-1.198050699,-1.337618568,-0.139704604,0.562504532,-0.963474254,0.771284154,-2.028591544,0.526326965,-0.253554146,0.259067667
6C_6192,0.63530388,0.140197311,0.523295318,-0.261769248,0.551024311,-0.269781799,0.344520303,0.213996443,-0.457679967,-0.310865239,0.502712025,0.401474786,-0.32316948,-0.430065776,0.32073387,0.009488998,0.06870155,0.2081911,0.32801936,-0.304989946,-0.230844174,-0.592557223,-0.297087869,0.385488428,-0.402104352,-0.419696333,0.141105341,-0.894242504,-0.662262009,-0.133123722,0.08970093,-0.77301032,0.104763582,-0.327763387,0.815368592,-0.2993886,0.12546233
6C_6194,-0.196928426,-1.042318188,0.596040364,0.099829806,1.161648448,0.75389698,-0.497886878,0.980858674,0.475817483,0.996148224,0.559364842,-0.801399922,-1.258106439,-0.64669584,0.024743541,-0.517606365,-1.401722603,1.211397277,1.228679167,0.680995504,-1.441159439,0.008720175,-0.785616893,0.540428578,-0.672163512,-0.005303923,1.279439223,-1.234574983,-1.102736754,-0.125192429,0.721329622,-0.989737092,0.356467602,-1.271280648,1.526623757,-0.672835243,-0.023651032
6C_6201,0.077983875,-0.388337217,0.606237054,-0.603602434,0.480087696,1.439181386,0.077236354,0.694972445,-0.429395176,1.028443412,0.470897335,-0.186000007,-0.644491221,-0.650202547,-0.748029542,-0.169965711,-0.371743709,0.742526521,0.791950786,0.966409519,-0.679311061,0.445400444,-0.749881847,0.084079145,-0.095729546,-0.410845659,0.451240819,-0.740061747,-1.007804215,0.036475994,0.095884447,-0.778294808,0.355899445,-0.975651868,1.228220706,-0.946970478,-0.178649059
6C_6202,0.476023305,-0.25114028,0.575378019,-0.552948086,0.228217773,0.308937829,-0.646440827,0.147203039,0.466642084,0.797385494,0.42372985,-0.392922489,-0.85840937,-0.014922478,-0.494590206,0.076729443,-0.550488664,0.446644121,0.853910797,0.68950722,-0.813556866,0.0972398,0.074172051,0.489933657,-0.579522438,-0.50276106,0.248739867,-0.062772485,-1.064052681,-0.258630249,0.567746797,-1.161398931,0.321757572,-0.74127547,1.120120852,-0.380421082,0.793226446
6C_6203,0.87735294,0.250864127,0.932407257,0.132380498,0.896529553,-0.771650361,0.098121247,0.421024385,0.033543114,-1.025275569,0.496178444,0.602466665,-0.976339724,-0.318705891,-0.431335764,0.416208797,-0.110517884,0.824653547,-0.257061869,0.612115323,-0.372731549,1.644935765,-0.478845,-0.570129152,-0.540875377,0.197644159,0.514170961,0.154115604,-0.674112936,0.180975565,-0.009014338,-0.895306729,-0.400384625,-1.054076582,-0.163317354,0.070779887,0.548287458
6C_6209,-0.53907995,0.579838593,0.631113399,-0.526029909,0.458144459,1.427260656,-0.219365722,1.206335064,0.418039805,1.49185242,0.362500334,0.304184559,-1.149853868,-0.525386534,-0.225527442,-0.806923935,-0.874909243,0.626476007,0.845617564,0.933166333,-0.84155436,-0.060685054,-0.520914575,0.756708393,-0.21436904,-0.550157095,1.250040729,-0.418788665,-1.424077771,-0.512284308,0.235507792,-0.923278699,0.434335244,-1.50419337,0.823915434,-0.469800169,0.545843186
6C_6210,-0.010214781,0.526950078,1.071973678,-0.112604548,0.660983383,0.880183081,-0.219338398,1.661129919,0.19433007,1.285137114,-0.1165081,0.403685642,-1.062057601,-0.003878649,-0.580000476,0.042442406,-0.108335799,0.420064523,0.282636206,0.982589053,-0.237787158,-0.985614425,0.063441117,0.54874451,-0.415487307,-1.162298285,1.198346323,-0.186084492,-1.4280426,-0.413004592,-0.141427854,-1.167725945,0.35820065,-0.596123337,-0.188613153,-0.221274068,0.406436422
6C_6217,0.030450382,0.69597969,0.98356427,-0.644937014,0.828966772,1.602403324,-0.137663041,1.009124528,0.424421771,1.517334486,0.691660569,0.551779945,-0.927549996,-0.269809627,-0.088410519,-0.542427636,-0.600737727,1.14397477,0.108324668,0.920038443,-0.478416233,-0.224923883,-0.372357967,0.786920539,-0.329265373,-0.624362222,0.989261529,-0.330474893,-0.89116176,-0.666512485,0.576123304,-0.800033185,0.665053274,-0.865208004,0.475151743,-0.361034068,0.052530062
6C_6220,-0.708459461,0.265927391,0.299363719,-0.543617945,0.766875592,1.323851763,-0.628145142,0.828327705,0.004936445,1.083176263,0.375226438,-0.226381476,-1.416044869,-0.029916798,-0.180602504,0.24772743,-0.517082511,0.347720952,-0.154512986,1.330541954,-0.276356363,0.005160047,-0.523223038,0.279356962,-0.282750981,-0.904979993,0.962218972,-0.715594542,-1.576255266,-0.269383622,0.280530592,-1.185849376,0.68283916,-1.20598744,0.309453079,-0.794719972,0.087090319
6C_6237,-0.24087208,0.141221628,0.815994968,-0.083393277,0.439940748,1.214607038,-0.3707234,0.986595216,0.176190338,0.906669657,0.214897141,-0.159453209,-0.92803713,-0.917533989,-1.062331082,-0.727635115,-0.417287299,1.28014981,0.387612651,0.989482669,-0.817394534,0.986021383,-0.254686164,0.053652015,-0.50985559,-0.228731797,0.854134015,0.363108224,-0.852167568,0.056620029,0.552162543,-1.016159631,0.640975326,-1.087487107,0.174563842,-0.927226239,-0.361197163
6C_6240,0.320088169,0.976082413,0.68410754,-0.217379128,1.461848438,0.919941851,-1.123212212,1.603199027,0.104784921,0.741420064,0.469296284,0.752650894,-0.140718846,-0.527371729,0.102489891,-0.731636793,-0.600107822,1.487563937,-0.67132402,0.673128635,-0.538680898,0.945393785,-1.226415846,0.922672492,0.042607935,0.142765308,1.134955017,-0.220950443,-0.774481998,-0.829631944,0.028041375,-0.249186251,-0.15622861,-1.206618418,-0.467317057,-0.219024985,-0.323966321
6C_6241,-0.00774427,0.789633779,0.324171946,0.726189865,0.641456353,0.027034578,-0.359045329,0.812273749,-0.082993886,-0.047957968,0.315396117,0.159144834,-0.440525749,0.126838084,0.148060044,0.27520605,-0.730100367,1.384476301,-0.70781888,-0.292652528,-0.981257352,1.162161249,-0.677246322,-0.053304733,-0.399556308,0.102182553,0.65783162,0.919205442,-1.714112737,0.324950121,-0.653114622,-0.473305926,0.48121636,-0.62169027,-1.490672744,-0.344664604,0.13849447
6C_6242,0.018197042,-0.153127075,0.476183425,-0.546207761,1.088561518,0.914585896,-0.274245483,1.123924766,0.078315851,0.646052387,0.908966223,0.08834181,-0.351056147,-0.425186346,0.341459031,-0.498553857,-1.162087817,0.538456121,0.996542658,0.758040304,-0.560911909,-0.332030521,-0.872815227,0.95538046,-0.075101147,-0.64386683,0.956320443,-1.081401947,-1.10994849,-0.44510091,0.481661551,-0.659624634,0.377765683,-0.930738895,1.397361229,-0.626383661,-0.321354952
6C_6244,-0.060562485,0.299259968,0.771976438,-0.0156867,0.923075838,1.422909028,-0.327170877,1.108200873,0.810450715,1.388764076,0.219717643,0.089106571,-0.8447441,-0.157124748,-0.762009409,-0.003434432,-0.235765535,0.650429833,0.818007641,0.633512522,-0.376536127,0.599082665,-0.089702705,0.481838999,-0.032669275,-0.295953393,1.044322281,-0.678187731,-1.138405324,-1.005252308,0.10848511,-0.970818425,0.058290005,-1.039840142,0.41946006,0.60299051,0.206310297
6C_6258,0.285928338,0.557840729,1.129902939,-0.439495449,0.797104934,-0.139266466,0.521930458,0.677358049,-0.200051666,-0.438414368,0.834264121,0.839106285,-0.70076993,-0.667554156,0.126918503,-0.375259445,-0.089712997,0.671769434,-0.044762306,1.080237175,-0.480356637,-0.476788801,-0.386820579,0.467781665,0.288502114,-0.861488456,0.473279835,-0.221850205,-0.587496209,-0.658207338,0.000411709,-0.549985675,0.488933454,-0.734490493,0.524178041,0.132425504,-0.185908285
6C_6284,0.809716548,0.437510694,-0.09221088,-0.415524424,-0.00448744,-0.657171083,-1.152811403,0.331638346,-0.143177888,-0.695742077,0.385016913,0.585076455,-0.066386545,0.009388411,0.752370434,0.506921408,0.20888529,-0.416264188,-0.230015523,0.271291966,0.281044011,-0.104561288,-0.040538179,0.77743283,0.405745536,-0.439768435,0.314148549,-0.675095825,-0.274219001,-0.763170231,0.809161718,-0.627098901,-0.313143877,-0.392877039,0.841737857,-0.308279785,0.829329848
6C_6396,0.848409205,-0.47039022,0.332901173,0.053855155,0.690926817,0.522067592,0.494016336,0.477256087,-0.463815594,0.518116032,0.25698653,-0.314079034,-1.189633832,-0.506043906,-0.239084159,-0.408261151,-1.608318362,0.484890197,0.364844742,0.452771555,-0.813462031,-0.961541556,0.135212866,0.588366694,-0.469672316,-0.655586433,0.771099576,-0.440261702,-1.01115967,0.064753221,0.44370981,-1.08149801,0.15020377,-0.973909961,0.467363504,-0.219195031,0.530474888
6C_6413,0.453319285,-0.090302826,0.427774266,-0.442945172,0.034360545,-0.114389827,-0.695252547,0.472546053,0.070703733,0.111060409,0.636077313,0.260912426,-0.201224784,0.019962438,-0.458767229,0.098930616,-0.184815354,0.200006746,0.76044272,0.963701649,-0.422597167,-0.212599011,0.141352506,0.451089365,0.010378994,-0.315041735,0.375770706,-0.10750337,-0.410345958,0.038311942,0.45285637,-1.11045466,0.406093707,-0.459675877,1.132741972,-0.80559282,0.481160109
6C_6901,0.638438683,1.460402007,0.461653518,-0.304741835,0.322554654,0.345585556,-0.801195297,0.211932771,0.082295203,0.489763494,0.502929122,1.181781761,0.325330771,-0.622296842,-0.7267781,-0.39098979,-0.294324159,0.349326089,-0.244283132,-0.072273317,0.256574531,0.33261625,-0.645886657,0.590428708,0.608799754,-0.306808492,0.168032772,-0.124033352,-0.61899439,-0.673579279,-0.029560701,-0.606704444,-0.32173385,-0.64252803,0.436084536,-0.392656298,-0.309505007
6C_6909,0.199009361,-0.074656064,-0.037895777,-1.096668548,0.582097349,0.718909122,0.45627724,1.364954614,-0.654993698,0.406905602,0.853236633,0.236209279,-1.972054174,-0.405159181,0.304112208,-0.506752469,-0.171638543,0.368868085,-0.005943223,1.128153217,-0.965597983,0.490506688,-0.496947686,0.248108928,-0.286027937,-0.153599203,1.459018406,-1.537845199,-1.503027106,-0.582559283,0.48062547,-1.423395262,0.194511987,-1.195717949,0.613704783,-1.04956239,-0.249213276
6C_6924,0.215673434,0.021580876,0.436600035,-0.388764925,1.234995373,-0.43286554,0.136133425,0.474925815,-0.266034589,-1.244137322,0.828782345,0.341577589,-0.537035215,-0.621366753,1.018089529,-0.004202719,-0.483935634,1.158373842,-0.177628099,0.447905314,-0.230663117,0.78054136,-0.812378172,0.737674235,0.107835082,-0.007492723,0.549607168,-1.043400099,-0.384566083,0.092749926,-0.164347971,-0.077642299,-0.240944324,-0.89404417,0.557531244,-0.145909125,-0.467499146
6C_6932,1.119104508,0.748460456,-0.086870282,-0.303301301,0.388306871,-0.104492041,0.594691958,0.859365983,-0.695886007,-0.631161334,0.750823131,0.614250969,0.45832938,-0.447364555,0.284398464,-0.415473649,-0.421609267,0.415299297,-0.526279366,0.450446464,0.289990608,-0.466234753,-0.567578273,1.433089042,0.613990916,-0.905137514,0.840891415,0.054482219,-0.228307009,-0.006282993,0.52835625,-0.518673172,0.055172754,-0.770959758,-0.053393462,-0.095804565,0.174846259
6C_6940,1.348720718,0.68588285,0.870733445,-0.208744585,0.409091669,-1.353657007,-0.555551862,1.017129823,-0.751136521,-1.698028349,1.043134798,0.688428545,-1.24465546,-0.987884011,0.737351129,-0.735503998,-0.620387535,0.938720153,-0.859141522,0.682111937,-0.888766331,0.503841688,-0.15038848,0.966461275,0.266537482,0.151187186,1.295232291,-0.255678942,-0.803933758,-0.66173348,0.766774397,-0.561085647,-0.225033789,-0.922986441,-0.669805112,-0.379929421,0.594063452
6C_6945,0.523973853,0.439757523,0.514377194,-1.059070005,1.187651388,1.614619344,-0.397689478,1.169250657,-0.955974012,1.842911947,0.602706946,0.164040345,-0.707770836,-1.066872668,0.486043618,-1.513602629,-1.234492427,0.558821881,-0.510585838,0.511085755,-1.029857002,-0.513786287,-1.222194015,1.081933357,0.0640898,-0.385026785,1.061874651,-1.343778421,-0.513965465,-0.42391871,0.041615855,-0.708715316,0.022441506,-0.926475386,1.099933705,-0.990513459,0.256106508
6C_6951,0.535110682,0.410514032,0.703484448,0.000329794,0.968327555,0.351548057,0.490814911,1.387476129,-0.684968923,-0.29705981,0.815130825,0.5707484,-0.805776188,-0.936572728,0.975880387,-0.687702973,-0.418189891,1.359985709,-0.417626073,-0.311166136,-0.09228367,0.74398867,-1.148385779,0.9560137,-0.184095298,0.43200246,1.366184431,-1.197501025,-0.972739139,-0.658753155,-0.181589686,-0.211620184,-0.900374454,-1.148223372,0.19475621,0.035882083,-1.190277325
6C_6966,0.140656887,1.232837155,0.839568504,-0.205846182,0.986480677,-0.875149772,-0.349825448,0.610582159,-0.326375758,-1.022940571,1.122248701,0.942210049,-0.521152595,-0.090654957,0.681794034,-0.779046094,0.05319997,0.966567731,-1.26939366,0.501340597,0.055766478,0.101081363,0.071846527,1.171151816,0.500140603,-0.531309767,0.56119991,-0.608835245,-0.388599444,-0.610026231,0.122174937,-0.118678034,0.03673084,-1.03137468,-0.31918914,0.055263827,-0.030973683
6C_6969,-0.497054188,-0.157832644,0.540877488,-0.218123631,0.682940872,1.77275361,0.660321487,1.006224927,0.729041691,1.660969969,0.244545352,-0.149605814,-1.831518838,-1.271821056,-0.21024293,-1.392858345,-1.319105281,-0.086833712,0.319075718,1.37513107,-0.611451908,0.007134358,-1.424420604,0.113013378,-0.221451761,-1.371517029,1.489618898,-0.866842603,-1.445188525,-0.524030138,1.306318256,-0.919229052,1.14979677,-1.289113399,0.875545392,-0.632835603,-0.118784105
6C_6974,0.07467019,0.568191641,0.468084903,-0.29531363,0.681169375,0.179589255,-0.641169162,0.887833848,-0.312972016,0.047067681,0.771035016,0.882620479,-0.698581221,-0.568771294,-0.377102056,0.054758544,-0.375642509,0.036454779,0.157507199,0.240171322,-0.119180966,0.719624513,-0.507889351,0.951580516,0.411698452,-0.457911277,0.966710986,-0.344787172,-0.144648106,-0.562746566,0.213209138,-0.126448006,0.241710382,-0.849921625,1.082735484,0.224626692,-0.524165999
6C_6976,0.952047002,0.479496962,1.044834107,-0.333844222,0.634780432,0.243173224,0.372353983,0.697379574,0.006904103,-0.26389394,0.549260926,0.650405397,-0.304784474,-0.596897631,0.020253043,-0.091475122,-0.442003848,0.815705588,-0.125477986,0.481734251,-0.666896257,-0.331870725,-0.446903485,0.755716583,0.009312057,-0.804539479,0.837581775,-1.025571602,-0.587124511,-0.64670567,0.564492958,-0.470855696,0.34929416,-0.823642065,0.233189767,-0.062664704,-1.006091135
6C_6979,-0.064144514,0.844943627,0.803806434,-0.753076526,0.784036813,0.744398368,0.095307759,0.871396061,-0.855774255,0.584887398,0.993829203,0.635816011,-0.775837064,-0.925763245,0.991493633,-1.374985997,-0.355560403,0.460048201,-0.353387814,1.088995151,-0.389265562,-0.474623228,-0.375231663,0.549698327,0.357098967,-0.592630888,0.768689159,-1.180387786,-0.25259981,-1.113429784,0.23413431,-0.542073025,0.101664002,-1.219329652,0.967918324,-0.053627922,-0.146787382
6C_6982,0.457175693,-0.777970986,-0.272432464,-0.584712526,-0.054310598,0.669032615,-0.09231035,0.665948505,-0.376350575,0.53098877,0.197368288,-0.327104013,0.234290478,0.085162831,0.434802726,-0.161974088,-0.338904748,0.505420639,-0.522941166,0.609438277,-0.852596111,-0.526482438,-0.498386613,1.030297604,-0.176901458,-0.519432507,0.510855707,-0.368133652,-0.330183453,-0.175441881,0.238849873,-0.908198981,-0.085867457,-0.543559758,0.132062366,-0.319195633,0.305658588
6C_6984,0.704233625,0.302132924,0.745286001,0.358632739,0.927302155,0.896258875,0.104532779,1.026222204,0.365184934,0.611447996,0.590000478,0.317509137,-0.862106815,-0.590738148,0.027821681,-0.919184715,-0.393736905,0.969133011,-0.244201774,0.824792897,-0.465334492,-0.01116766,-0.662101543,0.677934314,0.243818327,-0.382308676,0.96876937,-1.032625816,-0.456667219,-0.872259327,-0.199565961,-0.637026896,-0.581657627,-1.053554529,0.656211685,-0.275587355,-0.246765787
6C_7014,0.428582357,0.41259327,0.588971249,0.080297744,0.578526967,0.738179418,0.362745277,0.086461182,-1.777194529,0.392324127,0.805548492,0.199472277,-0.767917115,-0.369746165,0.734073239,-0.216976047,-1.300731673,0.71488089,-0.07239467,0.274479388,-1.39634761,-0.689030832,-0.600734717,0.36532618,0.189571645,-0.122416953,0.502497559,0.287482077,-0.459208881,-0.66771632,0.587484529,-0.453520951,-0.189257262,-0.413998733,0.524481793,-1.018721155,-0.114918296
6C_7026,0.545324002,0.206856558,0.041946796,-0.338428787,-0.697385477,0.871727433,-1.239093968,0.695624259,0.382899385,0.89485562,1.011061086,0.092636993,-1.444027323,-0.157785012,0.082627408,0.034706736,-1.02994795,-0.89407503,-0.470100088,1.639149792,-0.358647251,-0.815048968,0.919789898,0.825915586,0.114657632,-1.286646989,0.665586759,0.244563273,-0.688867678,-0.954115889,0.570531223,-1.340988801,0.485132072,-0.769502736,-0.314868727,-0.64912739,1.635627207
6C_7058,0.009003093,0.805691696,0.797464082,-0.774446949,0.242960132,0.859273395,-0.197713834,0.575435958,-0.797628987,0.93011908,0.581964344,0.875480226,-1.203370077,-1.343881572,0.649773277,-0.709752715,-0.26919547,0.52685941,-0.143003135,0.429964277,-0.392595186,-0.151471335,-0.542419861,1.035202659,0.333137059,-0.732812254,0.794320571,-0.358206505,-1.126170101,-0.82963047,0.633126954,-0.853944591,-0.558447653,-0.851857394,0.541578167,-0.305599506,-0.308064498
6C_7061,0.444910921,0.946421541,0.646979415,0.505209679,-0.387092789,-0.325576909,-0.799576711,0.023531271,-0.136421387,-0.539642946,0.442246515,1.040528371,-1.048349412,-1.354881031,-0.581292573,0.417424686,-0.716386907,0.029714783,0.205021504,-0.083597862,-0.260193823,0.285716615,0.020294594,1.114697919,0.311678775,-0.179036831,0.19301665,0.271237789,-1.065734049,-0.789386379,0.484370895,-1.05327416,-0.962941664,-0.560707249,0.711958072,-0.75942522,0.488960468
6C_7094,0.032088108,-0.13500095,0.427665983,-0.767873656,0.228415287,0.280696854,0.221200213,0.49433892,-0.117496012,0.256931115,0.469351451,-0.049805614,-0.347484652,-0.933352243,-0.437731202,-0.484946523,-0.358587082,0.321405997,-0.588751088,-0.013729502,-0.441914706,0.174571832,-0.388960752,0.43439394,-0.109916112,0.058997895,0.42059535,-0.94817676,-0.477225399,-0.228361833,-0.059519063,-0.584138527,-0.089427014,-0.768304879,0.278424478,-0.823917537,-0.767343159
6C_7109,0.522944386,0.266778729,0.820747594,-0.18948765,1.411110636,-0.208729613,-0.405861323,0.625913836,-0.104745118,0.135350226,0.653871174,0.762649898,-1.116923322,-0.971594461,0.562901551,-1.221252921,-0.379407283,1.367780783,-1.121640634,0.608144551,-0.21791579,0.128727723,-1.022532872,1.028808855,-0.057741832,0.051151135,0.607631542,-1.790007312,-0.625975596,-0.449843332,-0.104471653,-0.410058028,-0.392776191,-1.229020742,0.074903355,-0.247331378,-0.885046008
6C_7111,0.757947975,0.553606929,1.353746112,-0.202707969,0.555585295,-0.308676262,-0.162389901,0.839081485,-1.191246319,-0.31300835,1.102243222,0.757548144,-0.702231192,0.027754505,0.31239164,0.008956011,-1.138443455,0.98468442,-0.978666984,0.755847094,-0.885704896,-0.079598914,-0.430594224,1.119991195,-0.188272747,-0.060990031,0.699674048,-0.637488976,-0.945164715,0.155570491,0.680474421,-1.040179075,0.040332036,-0.762109449,0.164451529,-0.4280527,0.084568587
6C_7181,1.391798879,0.899862514,0.696603856,-0.940230114,0.802352231,-0.505199623,0.036751657,1.046525079,-0.546435008,-1.156146863,1.022928262,0.909226374,-0.340196917,-1.148684177,1.667927216,-1.17033693,-0.433423126,0.31728053,-0.61430458,0.476348211,-0.704141018,-0.005602117,-1.154466471,1.398684066,0.511400126,-0.914389895,0.973214229,-0.308681673,0.300268297,-0.34050738,0.767273571,0.023349227,0.454649377,-0.264529979,-1.355489212,-0.184684466,-0.189457087
6C_7192,-0.171949907,0.150156883,1.005406569,-0.124975471,0.864722132,1.212916295,-0.529193074,0.481214968,0.208393271,0.852667659,0.535771887,0.59180263,-0.922518291,-0.447180808,0.122714916,-0.013125051,0.54293223,0.570221228,0.617336842,0.918311321,-0.158106031,1.097840006,-0.697272286,0.502882911,0.064605285,0.008401474,0.463936283,-1.09700819,-0.627394786,-0.481383743,0.095152768,-0.892027382,0.371914432,-1.034781322,1.068774659,-0.503509759,-0.378776766
6C_7217,0.686812798,0.636913337,0.340575077,-0.504854592,0.505897924,-0.251161553,-0.561788629,0.821606277,-0.081045957,-0.468887354,0.741383843,0.644913319,0.436933807,0.235708469,0.04484381,0.364204045,0.279734384,-0.643488596,0.806643483,0.248977947,0.085272747,0.074490813,0.544419753,1.345738338,0.561684822,-0.484246951,0.829025632,-1.087150681,-0.184301981,-0.578542611,0.318030763,-0.319478647,0.175102226,-0.361563413,0.548537604,0.66324132,0.086681939
6C_7223,0.347241018,0.335086282,0.646294109,-0.755718929,1.012443381,-0.445879307,0.214502542,1.058715538,-0.800697519,-0.586121496,0.734518635,0.740970083,-1.016413671,-0.450070735,2.011227863,-0.577120713,-0.510779538,0.556896659,-0.030248802,-0.189487891,-0.852906566,0.166694382,-0.939291293,1.467426056,0.119557596,-0.573338387,1.253070747,-1.432377233,-0.275744037,-0.397627005,0.369467012,0.11466483,-0.674055278,-0.243980402,-0.247609558,-0.061049809,-0.821062475
6C_7255,1.043339969,0.257128083,-0.122204607,-0.625560158,-0.904511769,0.44477911,-0.540729694,0.855403909,-0.939311223,0.723529313,0.693610935,0.175855353,-0.60197776,-0.268008421,1.32157668,-0.471372157,-0.245148755,-0.54807683,-0.309804096,0.713764616,0.136500607,-0.333528737,-0.378159115,1.087330105,0.839279275,-0.74460061,0.886885935,-0.566760949,0.180589575,-0.713250756,0.293755769,-0.303855234,-1.263361976,-0.647152167,0.227153963,-0.363162496,-0.371077317
6C_7298,0.464759432,0.235448283,0.65673438,0.293033381,1.609966829,0.367691447,0.232899781,1.117559621,-0.560098362,0.319730574,0.888613362,0.058435794,-0.923524779,-1.242512144,0.756111301,-1.241682923,-1.105750424,1.290871164,-0.26941859,0.742519534,-0.937217885,0.441934551,-1.460119179,0.814099189,-0.113194123,-0.158980333,1.01242582,-1.51260716,-0.690821902,-0.400623195,0.178654747,-0.196428056,0.134442698,-1.166665351,0.855305223,-0.330724479,-0.539061982
6C_7305,0.35220301,0.574809897,0.65361295,-0.304404633,0.074350348,0.047195743,0.163896999,0.198221171,-0.858856923,-0.524917681,0.821985597,0.710761526,-0.70391163,0.116529004,0.821491836,-0.556938052,-0.851039935,0.590016605,-0.159046472,0.303886491,-0.447293874,0.396768438,-0.000155965,0.906811669,0.217106586,0.214695439,0.187578286,-1.067223465,-0.423395419,-0.209133519,-0.063205051,-0.528563451,-0.221438955,-0.47910929,-0.424048548,0.002854131,0.564270046
6C_7322,0.411272502,0.297213803,0.517985709,-0.205377985,-0.144149911,0.762456239,0.607766238,0.707409806,-0.400474318,0.670667571,0.518124063,0.175144074,-0.887133954,-0.139305493,-0.384604983,-0.051975612,-0.199709923,-0.114458246,0.111274805,0.271494484,-0.236958197,-0.122025937,0.146143087,0.609056829,0.143636612,-0.078134366,0.844890599,-0.758857991,-0.501144963,-0.637929408,-0.270964295,-1.238538416,-0.19013442,-0.958918894,0.122628961,-0.639598717,0.635276453
6C_7413,0.670146656,0.288019345,0.816946177,0.080210129,0.281372754,1.040072902,0.700638887,0.619598467,0.490987097,0.973279032,0.329268674,0.210925108,-0.700165793,-0.298797879,0.129898939,0.361150491,-1.124983156,0.402649489,-0.288873931,0.635886355,-0.618882829,-0.353980475,-0.007975371,0.4922814,0.152553907,-0.473235033,0.852962153,-0.44685606,-1.221803594,-0.671690753,0.331603486,-1.136410028,-0.077143818,-0.856111598,0.074611075,-0.690077369,0.598875741
6C_7424,0.239818816,0.168408858,1.167103049,-0.539106745,0.466180221,0.371581896,0.489995485,1.653466727,-0.36623316,-0.04804175,0.632900536,0.406988795,-1.198045646,-0.364440789,-0.54630758,-0.71105484,-0.119570703,0.583334763,-0.603688628,0.836958455,-0.332346385,-0.365667968,-0.010470047,0.652046838,0.203367733,-0.920338854,1.516474421,0.142489055,-0.524944781,-0.107370769,0.313572063,-0.540728324,0.705842164,-0.371969199,-0.084252855,-0.869606521,-0.663245101
6C_8222,-0.267905444,0.173876002,0.59110761,-0.980713214,0.417438765,-0.477989297,-0.410031668,0.178740966,0.006965632,-0.749210457,0.364611129,0.191561498,-0.980182502,0.076617849,0.124149337,0.340095884,-0.813662467,0.322006082,-0.159841957,0.223663616,-1.002607191,0.048826527,0.172326371,0.532431188,-0.465363626,-0.763593324,0.164275363,-0.151897337,-1.107565148,-0.724311584,0.213231517,-0.98648509,0.332474724,-0.762630776,0.441338963,0.292461072,0.682447812
6C_8230,0.409252721,0.493333084,0.758018404,0.028764807,0.495847557,0.229361779,-0.751822469,0.418626111,-0.570715603,-0.278603731,0.849338352,0.67538665,-0.999267152,-0.139966086,0.234634659,0.017503759,-0.056696891,-0.098541303,-0.275350104,0.494358949,0.119121764,0.321673591,-0.066861258,0.516039475,-0.042136711,-0.387936901,0.404456567,-0.35907332,-0.324077867,-0.509554426,0.047311107,-0.49505858,-0.160982521,-0.2558846,0.018281831,-0.118649564,0.213465001
6C_8231,0.646661662,0.338851644,0.686953431,-0.756263025,0.999791848,1.00659898,0.875251695,0.478662457,0.016136482,0.94553197,0.66946328,0.709662467,-0.373854293,-0.770613084,0.096029954,-1.496637258,-0.964400631,0.232161469,-0.439875695,0.998676691,-0.345286536,0.265787515,-1.028840974,0.813450845,-0.565736323,-1.368845576,0.459420278,-0.982918444,-0.49575586,-0.470392761,0.258729109,-1.12516094,0.241961813,-1.235067043,0.634478516,-0.570322643,0.5251384
6C_8237,-0.003068217,0.819344495,0.709928964,-0.641153107,0.372183312,0.597098536,-0.711252882,0.938592044,-0.098834398,0.483019101,0.661616345,0.698608438,-0.62331156,-0.725658296,-0.310549558,0.003725277,-0.341985468,0.120082172,0.082065403,0.809424582,-0.338920808,-1.054901597,0.14026087,1.008861175,0.667134013,-0.915184524,0.807637816,-0.295965778,-0.517403162,-0.803808581,0.112604993,-0.833688238,0.558602214,-0.446562443,0.052327316,-0.739248634,0.170416524
6C_8239,0.748849252,0.176416644,0.416273762,-0.11549725,0.476547844,0.313609073,0.46776912,0.080627578,-0.234209743,0.181268414,0.689590518,0.202256717,-0.646750319,-0.551625223,-0.315240816,-0.090154145,-0.987182837,-0.117181899,0.391712565,0.276875315,-0.863774921,-0.669739497,-0.218618766,0.715637325,0.293591786,-1.057032925,0.108356043,-0.486156639,-0.760569423,0.06474861,0.029506611,-0.616026559,0.517568878,-0.758742766,0.713507975,-0.420643537,-0.232516588
6C_8240,1.052530112,0.864650583,0.630097262,-0.749119591,0.016398431,0.426759987,-0.944045191,0.233604963,-0.705489874,-0.191594675,0.423929794,0.651367074,0.305444715,-0.614739106,-0.344177849,-0.036891693,-0.357474506,0.373587319,0.179401261,0.878846048,-0.462296112,-0.337141558,0.164286009,0.702419298,0.241071509,-0.609601491,0.372903749,0.466100722,-0.675576932,-0.176667729,0.85058849,-1.134907049,0.149118294,-0.551319033,0.796308397,-0.117435439,0.148122399
6C_8241,0.674420407,1.045612971,0.711631804,-0.678019716,0.098864041,0.294647385,-0.812775688,1.083553911,-0.520125438,0.475796725,0.754103379,0.929876426,-0.244834634,-0.73689425,-0.38818786,0.125114156,-0.043446029,-0.442185082,-0.315873795,0.807981998,0.461015104,-0.732863998,0.437596519,0.434365532,1.090281853,-0.736960549,0.792640048,0.433345292,-0.522876839,-1.057132046,0.628232707,-0.963715943,-0.097022521,-0.557430725,0.390527448,-0.207160659,-0.142937154
6C_8242,1.318348437,-0.292292208,-0.766210383,-0.279258696,-0.46296525,0.31583491,-0.854771387,0.66901575,0.354495177,0.497329665,0.526098999,-0.305131327,-0.59146818,0.15070961,0.302425113,0.293245508,-0.624522957,-0.429574876,0.124164664,0.938422131,-0.187545426,-0.671137839,-0.217413463,1.112927633,0.492068481,-0.405029432,0.923042995,-0.164304378,-0.520426406,-0.317535771,0.931235205,-1.021958013,-0.098239161,-0.451534699,0.54092735,-0.182013058,1.215701646
6C_8243,0.215110453,0.18520737,0.346522187,-1.757206703,0.26753192,0.155310809,-0.130597509,-0.202357001,-0.009182522,0.473109687,0.642480807,0.399314447,-0.474169397,-0.304458838,0.242101733,0.248541574,-0.330761094,0.680108542,0.405128775,0.478460963,-0.459085592,0.001835136,0.911489597,0.23361901,0.296128176,-0.635725567,-0.084827916,-0.802992359,0.072775876,0.277000107,0.460143568,-0.880429335,0.302419454,-0.678682597,0.593871129,-0.648901679,0.319891749
6C_8244,0.467658122,0.49311945,0.604673212,-0.347131852,0.652890981,-0.53148659,-0.43891933,0.667867164,-0.547260892,-0.751183444,0.775466785,0.871614141,-0.210527278,-1.048038214,1.070740082,-0.936946641,0.265603464,0.628018123,-0.662511399,-0.647929657,0.229884671,1.030252609,-1.483370556,1.330082968,0.385374985,0.40993016,1.251512735,-1.409527581,0.118357647,-0.909065794,-0.312541203,0.457347027,-1.242944699,-0.903817267,-0.673925332,0.175149553,-1.53371577
6C_8247,0.96708964,-0.385031853,0.002393883,-0.777230587,0.133599671,0.569229771,-0.703627774,0.898297308,-1.01654159,0.429062253,0.453046572,0.167454597,-0.418657634,-0.031835148,0.925291063,-0.010032892,-0.099653962,-0.004118687,-0.038689168,1.252978218,-0.575696829,-0.170259491,-0.041719808,1.327094692,0.638878644,0.193507945,0.731272183,-0.559313625,0.033172262,-0.242542752,0.821357642,-0.723279019,0.393739607,-0.777083194,0.588250916,-0.709836463,0.687911278
6C_8249,0.139164871,0.91725637,0.542770443,-0.090751431,0.430219114,-0.091979334,-0.859075235,1.248668972,0.180584819,-0.499250583,0.823000205,1.158690704,-0.941915837,-0.945696763,0.618725099,-0.409903792,-0.544165336,-0.406322825,0.51134536,0.557089277,-0.224645719,0.441024313,-0.158942265,1.013902348,0.797403847,-0.322142455,1.342140394,-0.259649565,-0.423948521,-0.832056959,0.310606476,-0.570143941,0.010257849,-1.056859936,1.309078508,-0.017874756,-0.83052327
6C_8259,-0.171846749,-0.498894294,0.039976482,-0.53952709,0.62616679,1.456640011,-0.268922938,1.518688689,0.085970736,1.246895837,0.631920664,-0.262941297,-1.001499447,-0.847566414,-0.381678563,-0.379813033,-0.924888865,0.512723427,0.392011009,1.408191586,-0.783639899,0.387175552,-0.210798493,0.665799566,-0.104913894,-0.512244204,1.369903651,-0.967927074,-0.90811499,0.096582562,0.457881753,-1.078974554,0.109048381,-1.285637755,1.169190739,-0.775034951,0.263329233
6C_8283,1.051913506,-0.06935516,0.600812213,-0.417634073,0.237483363,-0.24198866,-0.078068627,0.303025578,-0.247343877,0.073279357,0.541445433,0.27049156,-0.596132291,-0.019177828,0.04218104,0.114072457,-0.005335534,0.424926875,0.066892682,0.620737402,-0.403191747,-0.592354805,0.158950473,0.512919324,-0.050482842,-0.861271597,0.411089816,-0.716627003,-0.65421113,-0.400144327,0.19228445,-0.989470727,0.469491244,-0.767530976,0.512178794,-0.737705099,0.191060837
6C_8326,0.441496988,0.809395922,0.614660587,-1.017945292,0.427691754,0.066517267,-0.044806076,0.426184352,-0.420626342,-0.171263737,0.717324349,0.899670645,-0.470630828,-0.730710618,0.695735531,-1.423151918,-0.681451715,0.500577852,-0.676938315,0.744533723,-0.037773801,-0.439323123,-1.37831684,0.809173981,0.538296255,-0.74282946,0.354392668,-0.752581152,-0.349775135,-0.634596905,0.445384462,-0.704027642,0.18914833,-0.270111019,0.579261414,-0.751394206,0.329817885
6C_8335,0.582439896,0.56556891,0.388215138,-0.513914793,0.184969674,0.726284342,-1.046627273,0.380913911,-0.851482387,0.835759388,0.518486622,0.535184728,0.050234557,-0.52089579,0.233071772,-0.468876629,-0.333603072,0.563217657,-0.707603043,1.031709253,-0.552272784,0.165381233,-0.22009833,0.956291705,0.756471978,-0.014862203,0.399696927,-0.16744388,-0.394265437,-0.530111983,0.724198445,-0.415881048,0.037192871,-0.6632303,0.179427568,-0.57316116,0.178542394
6C_8351,-0.937757749,0.030698567,0.273677491,-0.740875896,0.425293928,1.276529101,-0.271579683,0.70764138,-0.787981924,1.349384954,0.460341812,-0.299413966,-1.745923401,-0.007709988,1.43105577,0.065678755,-0.181725828,-0.262060802,-0.286079447,1.020187775,-0.017475515,-0.661685581,-0.178173107,0.411155208,-0.072421878,-0.890027802,0.795734136,-0.725527246,-1.141821659,-0.633481731,0.236621413,-0.693296933,0.541213972,-1.180778057,0.04742272,0.142138175,0.50320659
6C_8365,0.50370299,0.339871527,0.139625455,-0.278119601,1.070206364,-0.555572024,-0.201869385,1.716173324,0.100628851,-0.945640788,0.534526914,0.353512148,-0.658262566,-0.043375407,0.657720374,0.190220474,0.181169866,0.930268933,-0.557723242,0.626857308,-0.19179501,0.582928465,-1.006009915,0.858395235,0.083482766,0.014481655,1.344630092,-0.957915577,-0.051203041,-0.564907125,-0.43602134,0.075109609,-0.188717951,-0.8970427,0.595550183,-0.174234233,-0.643786282
6C_8366,0.568354853,0.117628143,0.777617451,-0.364026009,0.618526677,-0.734950153,-0.21942251,0.468776972,-0.803974924,-1.553871406,1.195948937,0.147623849,-1.233130646,-0.154738323,0.583437805,-0.443904451,-0.460568085,0.78395143,0.041784842,-0.010866924,-0.549542687,-0.279001394,-0.645725919,0.783116924,0.166997408,-0.36657822,0.670373461,-0.904274464,-0.524136779,-0.273935741,0.176137318,-0.204278251,0.011738577,-0.900663523,0.258410233,-0.135556866,-0.870586166
6C_8369,0.244376756,0.702997885,0.883241026,-0.502277185,0.689780756,0.149776869,-0.05611709,0.890399428,-0.492870503,-0.117022134,0.799554268,0.770300079,-0.540601013,-1.0788932,1.008893211,-1.135386943,-0.440471024,1.382216728,-0.625625864,0.525410771,-0.275030537,-0.371131388,-0.542658365,1.065336812,0.383675078,-0.850319321,0.839237423,0.092966501,-0.56040952,-0.292354914,0.577865889,-0.164873404,0.435057819,-0.681903485,-0.508816103,-0.063541957,-0.45620202
6C_8419,-0.273768047,0.098146214,0.704007336,-0.638897998,0.552311314,1.402654821,0.784950597,1.394464822,0.012694286,1.434027812,0.773897198,-0.152448616,-0.699117554,-0.925464598,0.118498209,-0.88935077,-0.535777225,0.911671403,0.453012793,0.688705768,-1.292467199,-0.40618248,-1.573634266,0.939278733,-0.693354936,-0.526189974,1.452475355,-0.575521194,-1.041545486,-0.326171685,1.132202118,-0.634427372,0.176493059,-1.12945025,0.718209631,-0.382785382,-0.282690971
6C_8422,0.181545597,0.460941973,1.036128969,-0.505576127,0.988567136,-0.350976017,0.695594447,0.517141863,-0.651487054,-0.709056539,0.725844075,0.542847972,-0.20547538,-0.664645115,0.300240424,-0.346506819,-0.609997674,0.567700893,-0.843874614,0.491284324,-0.258820006,1.161815084,-0.147912744,0.061906772,0.341380432,-0.018074826,0.451834557,-0.078001016,-1.097699481,-0.663339051,-0.065485059,-0.81611051,0.238696124,-1.055707765,0.152366227,0.228495305,-0.027915399
6C_9057,0.649594272,0.052359899,0.319357912,-0.607704028,0.45193341,0.385932099,0.004947171,0.753564746,-0.433866587,0.578721241,0.423797834,0.280218633,-0.821770117,-0.299273753,-0.487497921,-0.160616769,-0.698968162,0.240334805,0.010338969,0.658010821,-0.436534848,-0.494987496,0.09312906,0.661856595,-0.072003691,-0.67959343,0.744478793,-0.872277715,-0.604010734,-0.272535987,0.33801717,-1.023582892,0.230675984,-0.903470543,0.576002977,-0.439206491,0.061277203
6C_9075,0.452223732,0.083698818,0.036038453,-0.866373419,0.750757938,0.476874221,0.103638448,0.583368776,-0.263945103,0.878920769,0.847087516,0.184605912,-0.731523423,-0.543245918,1.015775399,-0.722198328,-0.53862787,0.274718798,-0.20026873,0.49224337,-0.48166177,0.538670031,-1.339466251,0.512688692,0.008630971,-0.737212117,0.866720602,-0.6892567,-0.38300436,-0.412441332,0.191198695,-0.121569912,0.042603112,-0.469362894,-0.056145986,0.064992958,1.315636371
6C_9133,0.230758035,-0.312849377,0.70879755,-0.715009077,0.495362707,1.023936218,0.409462519,0.816569274,-1.129940521,0.655427047,0.496530182,-0.350466355,-1.372501736,-0.739329861,0.665258788,-0.528501139,-1.109554836,0.611259336,-0.196992181,0.74155803,-1.188569635,0.248039186,-1.188051547,0.676461995,-0.702588761,-0.309883127,1.20818086,-0.596415985,-1.157793149,-0.162293165,0.857597911,-0.778467344,-0.112991637,-1.144285401,0.217755001,-0.703584658,-0.722513091
6C_9298,0.300624733,0.005781309,0.340290851,-0.497469071,1.213940488,0.121650058,0.019922885,0.680433664,-0.500856776,0.528598375,0.679852976,0.165254374,-1.086227408,-1.364496082,1.228925341,-1.373854402,-0.762454838,0.945130025,-0.900022432,0.701826248,-1.219719754,-0.114969985,-1.728336624,0.913994509,0.307904286,-0.783968309,0.673974822,-0.895388536,-0.619577827,-0.302608021,0.550063689,-0.41464055,0.232585134,-0.601496523,0.621579803,-0.302717118,-0.893584415
6C_9321,-0.016653281,1.039453498,0.489241547,-0.677766882,1.093018886,1.362298891,-1.433147693,1.669448211,0.113979778,0.974620597,0.022937615,0.214090404,-0.497422908,-0.324564279,-0.660229083,-0.220366396,-1.286352591,0.818261984,-0.116371197,0.762985094,-0.527042713,0.704858493,0.376844303,1.13114893,-0.437519111,-1.108901269,1.073318045,-0.09907154,-1.597412119,0.63401743,0.535828542,-1.282619203,0.672721131,-0.995742033,-0.161198714,-1.287643426,1.010865728
6C_9323,-0.779607612,0.668267784,0.403909142,-0.579043686,0.532991117,1.861348006,-0.382128639,1.460432461,0.596892843,1.814884905,0.41418875,0.118697771,-0.440201396,-0.617419791,-0.408995106,-1.211515781,-1.56564465,0.253035718,0.486568151,0.867662402,-0.770493746,-0.500088621,-0.007971088,0.497451798,-0.712749069,-0.733856721,1.390574837,-1.084886115,-1.473432642,-0.280791779,0.616173272,-1.117727924,-0.219668296,-1.254222473,0.47418575,-0.447510114,0.223503455
6C_9336,-0.25396752,0.596852635,0.412801762,-1.068034606,1.013060295,1.425731455,-0.1746916,0.686586481,-0.984759063,1.192511385,0.32778593,0.476899122,-0.745792131,-0.402346281,0.3054683,-0.669547738,-0.165178756,0.877463593,-0.789405629,0.883660853,-0.621390509,-0.312254171,-1.126545312,0.59930597,-0.320151201,-0.683775419,0.689173426,-1.124389882,-0.663064957,-0.434569486,0.62747402,-0.629938603,0.032795271,-1.072220699,0.234701324,0.224104139,0.235492691
6C_9339,-0.330087899,1.052773934,0.282920357,-0.171468389,0.008608647,0.651817161,-1.099695479,1.462953092,0.1595865,1.057008292,0.538480211,1.060686323,-1.886092441,-0.267568883,-0.485355997,0.229552913,-0.336689889,-0.102760592,0.396770781,0.715753635,-0.47137939,0.415280646,-0.406531879,0.77683664,0.117162878,-0.667364974,1.414755438,-0.50069715,-0.934227038,-0.768194357,1.421466234,-0.846725414,-0.058608421,-0.998384972,0.963689341,-0.341956287,-0.683629357
6C_9352,0.141052754,-0.404935179,-0.402548601,-0.114850948,-0.056070627,-0.299782641,-0.037582129,0.880125286,-0.680154628,-0.01455497,-0.09185784,0.16033383,-0.537445184,-0.1256846,-0.574411935,-0.097909669,-0.602561351,-0.469001271,0.734390001,0.798413575,-0.261938178,0.262177673,-0.31468466,0.642815396,0.101410171,-1.12289654,0.73190547,-0.228757423,-0.415314005,-0.235138055,0.694174697,-1.156606889,0.081049664,-0.47827846,1.158697052,-0.255299539,0.7371225
6C_9371,-0.634892867,-0.226592761,0.068509556,0.043294036,0.707883201,1.611337472,-0.432902178,1.35234826,-0.460058984,1.672438284,-0.232603197,-0.214411215,-1.089932141,-0.005497395,-0.424069189,-0.051756957,-1.389361899,0.508603936,0.795606752,0.860326999,-0.202407821,-0.126097519,-0.381907838,0.339466664,-0.527382818,-1.047211605,1.160409663,-0.940062887,-1.419724177,-0.407548621,-0.069240208,-1.38169222,0.594880394,-0.936116089,0.903339351,-0.425952814,0.547432701
6C_9386,-0.052372232,0.401212135,0.718410428,-0.373212382,0.961476921,1.680332162,-0.617158656,1.022389407,0.255548763,1.496481656,0.298035982,0.394521569,-0.573329689,-0.581638952,-0.281050436,-0.126613181,-1.108543447,0.864500763,-0.017605453,0.603625,-0.913187055,0.529152245,-0.748452667,0.84118612,0.140620419,-0.680880133,1.166896423,-1.045043406,-1.212200804,-0.213226942,0.657234201,-0.928777001,0.815808893,-1.161125934,0.634689611,-0.171848298,0.299056898
6C_9388,-0.173754366,0.589984001,0.456084671,-0.428914783,0.976764482,2.02339269,-0.543525866,1.855796672,0.936191154,1.789868838,0.471481203,0.226810675,-1.003702782,-0.902239412,-0.758061226,-0.905220319,0.201895725,1.025040607,0.462155419,1.571955032,-0.500520195,0.424364476,-0.697769002,0.653917743,-0.373728691,-0.776508221,1.421245201,-0.247753912,-1.070496288,0.035049106,0.763199528,-0.682998127,0.610226573,-0.84327277,0.662155887,-0.984602871,-0.122308001
6C_9395,0.37794625,0.025592745,0.891456313,-0.315018894,1.366060561,0.393880062,0.145880149,0.454031361,-0.106195598,0.120787399,0.818053177,0.722239354,-0.743866699,-0.465410613,0.001807352,-0.279241827,-0.525250482,0.875272042,0.194449251,1.019054733,-0.810120293,0.450595939,-0.319574341,0.588107858,-0.055554447,-0.413805072,0.809748095,-0.896730764,-0.988904375,-0.233316311,0.880361232,-0.998141705,0.4411032,-0.917059335,0.75126148,-0.271940442,0.33641978
6C_9399,0.285490277,0.387754883,0.684054514,-0.761994958,0.831349565,-0.111749658,-0.898149296,0.23204145,-0.373731863,-0.091804893,0.814640266,0.455225336,-0.087777008,-0.07522577,-0.294133156,-0.316373612,-0.319737523,0.379868702,0.436083646,0.712492476,-0.080899448,-0.401788073,0.563766773,0.498003389,0.674791972,-0.5431978,0.384122625,-0.335904716,-0.168338416,-0.480118175,0.6736428,-0.676397707,0.929210779,-0.562576327,0.866696427,-0.121293662,0.894711654
6C_9404,0.237475479,0.22624278,0.308425175,-0.370632619,0.765937585,0.21598126,-0.67391659,-0.030600778,-0.061063134,-0.106889625,0.197140762,0.174915953,-0.371106269,-0.064304221,0.396895134,0.494410446,0.198440909,0.702191584,0.539259187,0.083518364,-0.429698509,0.165717874,0.123038569,0.134154421,-0.236139475,-0.498311287,0.016686033,-1.17873087,-0.722764704,-0.382743008,-0.091417596,-0.707242603,0.340984429,-1.041670777,0.855775468,0.781067752,0.074607764
6C_9405,0.980442821,0.673804108,0.345432294,-0.510288142,0.771319715,0.590339991,-1.372943002,0.092783973,0.105491459,0.716304885,0.774994105,0.722630578,-0.364934295,-0.170303932,0.016820777,-0.267939448,-0.561840937,0.344080258,0.435432903,1.143453884,-0.792988256,0.184507197,0.284837225,0.636527231,0.250013183,-0.368603923,0.054206253,-0.653463942,-0.552235177,-0.677411962,0.737659869,-0.983076806,-0.205246357,-0.782595219,0.684334858,-0.127686703,0.438400483
6C_9408,0.501210728,-0.251318538,0.339903748,-0.370402844,0.016394352,0.040018862,-0.554219034,-0.361928066,-0.732503299,0.108322572,0.429743536,-0.183712302,-0.575375558,0.210124114,-0.464087222,0.357323344,-0.145347042,-0.208173587,0.357417735,0.215074517,-0.254204829,-0.009057364,0.3822194,0.566200474,0.353036645,-0.581799126,-0.249726947,0.11815171,-0.393936455,-0.29777528,0.490743534,-0.901044449,0.897559015,-0.393497925,0.66280604,-0.697899952,1.372412689
6C_9409,0.223534813,0.514793155,0.649821211,-0.218030122,0.716509405,0.354399081,-0.817254943,0.882236504,0.319442742,0.1933901,0.845165976,0.653662503,0.146694041,-0.819265557,0.743858239,-0.692121414,-0.0793299,1.382118339,-0.667037155,0.256366434,-0.893011466,-0.288503847,-1.162505237,0.539652843,0.295862149,-0.581693488,0.992343312,0.013697304,-0.270700943,-0.356156037,-0.136713067,-0.128586804,0.217366258,-0.801200017,-1.182346384,-0.336803759,-0.066938646
6C_9413,0.61874724,-0.933883657,-0.264370982,-0.964415687,-0.385787453,1.426904759,-0.257558623,0.859294948,-0.088876199,1.223562368,0.555506601,-0.932692217,-1.513735263,-0.445080462,-0.425974549,0.054986163,-0.760208506,-0.698505377,0.321834122,1.124633334,-0.903219984,-1.196767512,0.365346369,0.575861071,-0.35485638,-1.164027306,0.860010818,-0.616660744,-0.856522516,-0.236004423,0.652555373,-1.373034275,0.55514786,-1.089553546,1.085079905,-1.068526536,0.255633703
6C_9427,0.327749027,0.687980503,1.389969412,-0.369114864,0.797373634,1.468590108,-1.011206447,1.665717842,-0.540633797,1.296470138,0.4249748,0.612181667,-0.672065815,-0.348344878,-0.570488321,-0.93639345,-0.647467941,1.264047207,-0.711286386,1.624117048,-0.623567522,-0.177286248,-0.668611265,0.965153327,-0.115842808,-0.764260857,1.453703341,-0.119945007,-1.268480694,-0.432866684,0.636938674,-1.190907852,0.196604704,-1.117827102,-0.482306948,-0.726492313,0.666180797
6C_9433,-0.195114465,0.385075214,0.423030501,-0.031242017,0.800354643,0.963038583,-0.65622382,0.844331363,-0.416539314,1.114691545,0.039389257,0.213698091,-1.592034407,-0.317843322,-0.196625741,0.051206659,-0.854762544,0.929677263,-0.505965238,0.602474062,-1.168192165,0.461165452,-0.027693588,0.417792663,-0.260093203,-1.268306026,0.712823667,-0.193177558,-1.190416379,-0.286081061,0.752844467,-1.174471797,-0.025132228,-0.653452843,-0.215404957,-0.010851232,0.460987353
6C_9436,1.319925945,0.435504105,0.793798027,-1.126218706,0.107519509,-0.396568636,-0.335519424,0.758469452,-2.98E-05,-0.534180644,0.841132211,0.676707599,-0.70041165,-0.185681346,0.384157846,-0.053109621,-0.869501741,0.539409077,-0.77936752,1.00465227,-0.54800072,0.036598293,-0.299868077,1.11367635,-0.135657167,-0.18238604,0.598067332,-0.304838916,-0.861823932,-0.508309084,0.464740835,-1.242196581,-0.599981181,-0.455857482,-0.837628081,-1.068610921,1.008877171
6C_9451,0.683638208,-0.268042545,0.21734787,-0.323503225,0.261277839,0.760423101,-0.130384115,0.465183629,-0.012202573,0.881026264,0.375335366,-0.444566262,-0.629472938,0.201637564,-0.087911781,0.249844248,-0.803866634,0.173763319,0.094187036,0.790785846,-0.748016011,0.352609402,0.036843174,0.369519356,-0.264420139,-0.316772849,0.626319201,-0.648889486,-0.448935788,-0.176948311,0.520747052,-1.020813752,0.316883254,-0.644085545,0.550275931,-0.282001838,0.978985651
6C_9452,0.944147151,0.896676568,0.252829354,-0.578405253,0.523642566,0.813451253,0.092955745,0.512609401,-0.345625328,0.68659428,0.414493828,0.636499835,-0.374273389,-0.084055301,-0.599675973,-0.025108284,-0.792082806,-0.195864688,0.412632649,0.493832848,-0.239015778,-0.246776766,0.574959443,0.096422659,0.869888383,-1.581340439,0.385651983,-0.557885727,-0.235379,-0.531914552,-0.23426038,-1.102686378,1.024421723,-0.603540166,0.559199579,0.053692663,0.893104189
6C_9453,0.655837721,-0.031431935,0.272536646,-0.908392051,-0.009511705,0.658547357,-0.882332892,0.412898042,-0.214693129,0.203668056,0.432235374,0.185698436,-0.458266388,-0.371258525,-0.399721673,-0.111195321,-0.270973178,-0.058187994,0.128583291,0.428185971,0.041358941,0.162965441,0.297189595,0.404792596,0.236313641,-0.678108329,0.339745222,-0.00599911,-0.534623159,-0.120221674,0.194712952,-0.822081492,0.240776243,-0.684822369,0.676660453,-0.04917967,0.03992194
6C_9454,0.525133285,-0.85374644,-0.151227694,-0.654857363,0.008449561,0.657730106,0.315740439,0.905574158,0.210465153,0.617214973,-0.015321857,-0.325061464,-1.085185661,-0.209875447,-0.391978068,-0.406741982,-0.161546074,0.185788179,-0.315439946,0.527969484,-0.641618849,-0.144968133,-0.212494661,0.431535692,-0.312751629,-1.159814806,0.854447358,-0.664734712,-0.474493616,-0.081257093,0.052380029,-1.01071584,0.746103391,-0.747391088,-0.261327383,-0.711268727,-0.039427105
6C_9470,0.400226647,-0.40000402,0.08303737,-0.045848351,0.616176073,0.687590864,0.542272577,0.900066287,0.50035026,0.912838623,0.016057678,-0.275004763,-0.937750693,0.056734385,0.005150559,0.203522118,-0.032228818,0.683811404,0.429705724,0.869781173,-0.868254732,0.262660854,-0.107716165,-0.00717861,-0.302675136,-0.188847022,0.76151517,-0.786809081,-0.814660852,-0.120986725,0.060432667,-0.705780743,0.242852129,-1.013079042,0.686959119,0.06665483,0.413818406
6C_9481,0.548443305,0.444187922,0.838078952,-0.016942144,0.453865706,-0.143437066,0.249084174,0.019022989,-1.058943134,-0.086790327,0.951068393,0.684728809,-0.339252124,-0.094284905,0.204172434,-0.776769133,-0.67583794,0.213955548,-0.208467229,0.50369168,-0.664187661,-0.092692871,0.357155982,1.475204329,-0.131231802,-0.458382623,0.286186512,-0.574360785,-0.24312858,-0.277935407,0.46519515,-0.740998113,-0.228369449,-0.537994115,0.240848141,-0.091682835,0.686896742
6C_9523,0.710547727,0.505415817,1.034748388,-0.579766431,1.44524337,-0.373090315,0.18166869,-0.404652515,-0.989565841,-0.204609313,1.133357031,0.711303558,-0.680991716,-0.709783881,0.49492321,-0.50228055,-0.434541266,0.536602521,-0.156010842,0.679482225,-0.426998278,0.870059583,-0.599414282,0.537354767,0.294029946,-0.017400286,-0.192172223,-1.034559705,-0.445251218,-0.550052923,0.050966299,-0.533627071,0.179089953,-1.031883661,0.06950032,-0.32322679,0.583858996
6C_9540,0.616953327,-0.523335597,1.044567819,-0.998373888,1.08713743,-1.242510607,0.112880801,-0.016051124,-0.753093946,-1.409808409,1.161244952,0.048482555,-0.837248301,0.208275377,0.927814393,-0.331448856,-0.923190212,1.002779052,0.040070283,0.505437856,-0.660516425,-0.656683477,0.175669322,0.569219855,0.443602967,-0.691285617,0.08530789,-0.597791236,-0.503126445,-0.281388631,0.840298351,-0.671901666,0.775740055,-0.408332953,0.594095135,-0.469272886,0.205004324
6C_9550,0.507602658,0.482642315,0.431314463,-0.19686644,0.370528451,0.595696799,0.215820822,0.325796203,-0.370064412,-0.126887075,0.012812575,0.217132579,0.100874855,-0.59147905,-0.652315218,-0.280721862,-1.07166853,-0.181064939,0.436212245,-0.184257001,-0.532259266,-0.616726715,0.942138329,-0.052144255,-0.418967958,-1.34255359,0.062046314,0.342213365,-0.538418793,-0.23450973,-0.360303194,0.022989869,0.460089455,-0.339015464,0.827627326,0.448410933,-0.314713215
6C_9551,0.982723907,0.705339815,0.294817834,0.02939205,-0.432567728,-1.296273444,-0.071458139,-0.335248647,-0.323300427,-1.734135961,0.459739905,0.928412499,0.019819618,-0.117481414,-0.36414008,0.570504928,0.111392998,-0.623608025,-0.946367189,0.170865246,0.523348736,0.459122256,1.020825272,0.21296861,1.104796088,0.409287885,-0.186686229,0.155838132,0.135971558,-0.965484069,0.520939282,-0.593381023,-0.509006008,-0.299708303,-0.427378808,0.104343362,1.20814142
6C_9559,0.852180544,0.129272388,0.27052598,-0.029106689,0.058699405,-1.038049801,0.845842998,-0.344631572,-0.30255119,-0.876715092,0.883807935,0.558334235,0.01750692,0.201220163,0.652319367,0.044694618,-0.757250955,0.269402746,0.097519367,0.539902837,-0.314463612,-0.30409418,-0.374598193,0.870871919,0.636030009,0.058125249,-0.1815585,-0.847532271,-0.222211439,-0.398147244,0.842485318,-0.237567926,-0.381285053,-0.920137284,0.441294494,0.09680765,0.833901381
6C_9562,1.019278078,0.177422292,-0.166578743,-0.052135718,-0.082898917,-0.445507946,-0.956765914,-0.201845406,-0.240485362,-0.361571453,0.734527575,0.763549775,-0.405380495,-0.316841552,0.27317166,0.001723007,-0.89425351,-0.394558607,0.218422606,0.099562163,-0.754523676,-0.484421261,0.502189527,0.734263725,0.296099124,-0.122626167,-0.125384679,0.41628445,-0.204094565,-0.604370179,0.522202407,-0.774235569,0.0934517,-0.298840551,0.516288882,-0.521159082,0.456189223
6C_9582,0.375946011,0.054957705,0.373350898,-0.521617414,0.145877439,-0.406844693,-0.208226546,0.102626278,-0.11235347,-0.330503266,0.29417903,-0.108917327,-0.712356413,0.261740894,0.401805541,0.794479491,0.584837663,0.810471676,-0.003581068,0.403425346,-0.339925671,0.294028323,0.461609931,0.260215688,0.186239648,0.030613907,0.085380429,0.31345634,-0.521249428,-0.602372782,-0.452977065,-0.726980235,0.079494181,-0.563268574,0.086035056,0.371575562,0.705647347
6C_9584,0.564396395,0.280854951,0.486431427,0.025186563,-0.110070895,-1.030392478,-0.24518203,0.427873716,-0.815592238,-1.310387094,0.353413918,0.370061835,-0.560467083,-0.083097771,0.14156442,0.291261959,-0.618164026,-0.033692698,-1.277426505,0.541106761,-0.537240637,0.038964505,0.342839854,0.075803473,0.417445404,0.52927709,0.582453245,-0.407863957,0.097552119,-0.465967074,0.442823555,-0.498359017,-0.285644777,0.15438363,-0.005280635,0.144934233,0.26332007
6C_9585,0.16274304,0.098333987,0.369692436,-0.461890482,0.44827797,-1.152643246,-1.007159548,0.36800033,-0.27679308,-1.258602023,0.537596125,0.621384466,-0.301706782,-0.071452883,0.643873533,-0.391458752,-0.295432567,0.357244884,-1.096796846,0.235543415,0.218261096,0.133244883,0.426095311,0.468756645,0.751422738,0.089102698,0.495828258,-0.318917778,0.276845549,-0.506714869,0.899570792,-0.497660458,0.175443187,-0.335067773,-0.192757576,-0.248340629,0.466598399
6C_9586,0.78957958,0.456399819,0.092743824,-0.641610636,0.288741987,-0.937038332,-1.274964152,0.42210874,0.226096682,-1.136975365,0.508303407,0.462318023,-1.147560113,-0.322966203,0.353535923,0.503701267,0.209920267,0.000201659,-0.824821749,0.659100094,0.295156928,-0.079032994,-0.150003388,0.255256413,0.605115698,0.020826388,0.426699349,-0.770810251,0.140858885,-0.785710332,0.306650528,-0.153735424,0.453220857,-0.751635534,-0.253580371,0.547922427,-0.336860322
6C_9588,0.84534296,0.980630129,0.764754083,0.164285307,0.866054028,-2.044736304,-1.082378348,0.244233123,-0.242464544,-2.040773739,0.890076448,1.081366375,0.057014683,-0.896431881,0.428947959,0.072934128,-0.143508951,0.399047545,-0.938189,0.372600468,0.341454455,-0.139348573,0.092428002,0.490945536,0.462323889,-0.210866666,0.311462205,-0.300217222,-0.181783891,-0.629081737,0.094593952,-0.451113109,-0.344922665,-0.545660043,-0.222901817,0.263209078,-0.288045153
6C_9595,0.821964165,0.655317206,0.420660685,-0.568277558,0.117942594,-1.406051816,-1.066297029,0.176226326,0.358922519,-1.744035724,0.751850142,0.856220027,-0.642041592,0.28782394,0.444263011,0.738197239,-0.920202553,0.39130961,-0.381216556,0.223915071,0.004364364,-0.434229507,0.168852319,1.152362303,0.256815541,-0.022232517,0.269074535,-0.698022096,-0.365915378,-0.616333149,0.460765676,-0.669932551,0.561679485,-0.452283265,0.194900495,-0.248020778,1.354327224
6C_9600,-0.126955068,0.230142293,0.349188291,-0.829575734,0.358599029,-0.91853551,0.308811163,-0.277581295,-0.796664387,-0.943431632,0.474205723,0.708169546,0.070065133,-0.056297951,0.534810135,0.410343607,-0.687587226,0.398612464,-0.162918988,-0.132947653,0.19043321,0.027723578,1.142443227,-0.237187701,0.75920949,-0.350960753,-0.352461496,-0.647513706,0.289289531,-0.369808929,0.61995634,-0.632974142,0.205248457,-0.432397584,0.074972142,0.436987663,0.124036379
6C_9611,-0.170491562,-0.373247818,0.444728162,-0.251329954,0.845605051,1.68436968,0.33682133,1.489702572,0.611931712,1.558881253,0.466476227,-0.38815604,-1.475770049,-0.994267101,-0.456259437,-0.677800825,-0.360817985,0.732251498,0.527770611,1.758819785,-0.654241248,-0.244516619,-0.679061654,0.789691757,-0.568698703,-0.801376066,1.420423908,-0.775953823,-1.082405614,-0.251840128,1.384180671,-0.945287272,0.43638905,-0.814378524,0.948556629,-0.720204437,-0.691596914
6C_9621,-0.287079319,0.356210337,0.957972465,-1.379158236,0.855258443,2.236747939,0.427910464,1.834843045,0.425135667,1.961916737,0.753080077,0.514875541,-0.955751116,-0.4531176,0.163019355,-1.991944686,-1.178201903,0.492017765,-0.351992736,1.143046393,-1.078107233,-0.150127574,-0.251585681,1.346643914,0.121436203,-1.113652337,1.59217823,-0.684519508,-0.902200352,-0.770890258,1.187023954,-0.824240622,-0.067395178,-0.873578271,0.68314828,-0.198933125,-0.653267758
6C_9644,1.070202774,1.158915383,0.673370696,-0.441663841,1.314407017,-0.986284833,-0.27460836,0.665184117,-0.227117289,-1.382617168,0.804681148,0.877436717,-0.372322716,-0.274085094,0.156844853,-1.148136318,-0.652287349,1.104830445,-0.502472268,0.050299859,-0.812846083,0.631597378,-0.388148874,0.919110006,0.764901871,-0.123519854,0.768914736,-0.70704036,-0.759373764,-0.654919475,0.080417217,-0.189344022,0.509862437,-0.75034649,0.396364314,0.262230767,-0.314843044
6C_9660,0.046067513,0.420820237,-0.038658321,0.1636494,0.791865253,0.079760086,-0.061360691,0.304451836,-0.060832527,-0.149449453,0.251961625,0.492859681,-0.674630805,-0.801292499,-0.255792481,-0.580524122,-0.358716776,0.797039776,0.538545806,0.437881788,-0.56830645,0.371643183,-0.418292534,0.273771042,0.254112895,-0.033973569,0.276512873,-1.104847106,-0.556884225,-0.301540345,-0.34354615,-0.637012705,-0.177762862,-0.988906381,1.026657414,-0.004911152,-0.952666642
6C_9663,0.055076522,0.516942097,-0.094094159,-0.113906522,-0.410751286,0.263046466,-0.803217138,0.186430207,0.317255839,0.339285169,0.420215504,0.199984621,-0.643044907,-0.269197262,0.373833652,0.036124019,-0.440554977,0.737896287,0.347659874,0.430717882,-0.615784747,0.33834821,-0.306212067,0.28645505,0.258589297,-0.131447202,0.250039378,1.193485142,-0.808563135,0.238319264,0.790129762,-0.997598623,-0.334359427,-0.245258845,0.140106808,-0.5537726,0.299742921
6C_9679,0.768060036,0.825458717,0.776435331,-0.215095136,0.686692073,-0.960204406,-0.204218962,1.016149872,0.014120582,-1.370076865,1.09297612,1.009255752,-1.282592494,-0.071005522,0.306737231,0.003848997,-0.19682952,0.803176522,-0.691935205,0.451635833,-0.362531372,0.313517049,0.156801274,0.795808244,0.113765746,-0.49222888,0.866446874,-0.013804061,-0.769441744,-1.026349265,0.491733179,-0.178712092,-0.270548084,-0.771191758,0.055834357,0.028374446,0.351460367
6C_9685,0.368209196,0.642184128,0.129884279,-0.88112219,0.361227153,-0.320256992,0.398365327,-0.043317032,-0.343467775,-0.608919318,0.79487767,0.763623529,-0.460523981,-0.722477392,0.510143928,-0.350359913,-0.241355331,-0.439849977,-0.112904866,0.153735925,0.21971449,0.649097405,-0.238802897,0.697825846,0.647880414,0.27961063,0.246727653,-0.621220628,0.434085921,-0.579220689,-0.285264221,-0.033364189,-0.19180527,-0.769736153,1.011738104,0.093488229,-0.254243747
6C_9701,0.891527524,-0.083658588,0.747974201,-0.125686996,0.001857244,-0.418355744,-0.618272054,0.011517103,0.410043503,-0.346658488,1.081603139,0.495426729,-0.431186935,-0.469023687,0.729089617,-0.299760495,-0.103571887,-0.09565433,-0.593157016,0.249846522,0.057128804,-0.276894074,-0.363206655,0.048811889,0.649104732,-0.20637917,0.004752546,-0.473893083,-0.22577525,-0.577974541,0.012624438,-0.608941706,0.369626214,-0.509523435,-0.003527749,0.286359802,0.469502066
6C_9705,0.144946493,0.678089472,0.567051468,-0.860101733,0.53096673,0.217692019,0.349042393,0.238589349,-1.119381322,0.063218909,0.526091467,0.733005783,-0.648678168,-0.948079887,0.279980062,-0.601773244,-0.307790018,1.026313557,-0.32321664,0.482501077,-0.741607152,0.365864749,-0.822960265,0.363239512,0.263350651,-0.421458927,0.185050869,-0.95052015,-0.512329657,-0.296211107,0.527405974,-0.692116157,0.221576532,-0.887666872,0.742160317,-0.233944208,-0.642261381
6C_9706,0.903193331,0.406823305,1.265838265,-0.170828957,0.369266138,-0.537616167,-0.196049525,-0.344304626,-0.018618141,-0.411919667,0.850077414,0.549909945,-0.333644618,-0.006206938,-0.214984114,0.068032255,0.057224694,0.630466782,0.110583264,0.964313633,-0.617020136,-0.21419443,0.442188305,1.014276038,0.16662909,-0.799553779,-0.271596831,-0.182743838,-0.666496709,-0.413770071,1.036166671,-1.237613153,0.494694704,-0.411616157,0.599459682,-0.140223452,1.048148295
6C_9709,1.017744833,0.544384514,0.416549062,-0.803354088,0.207784097,0.500386948,-0.218131745,0.014970676,-0.022623354,0.455362919,0.168131718,0.43111318,0.056610881,-0.236243375,-0.545865168,0.397558117,-0.283239106,0.213280113,-0.295994032,0.693534603,-0.325123902,0.107244825,-0.054176343,0.379711428,-0.043322692,-0.737974987,-0.028150622,-0.134206233,-0.340377073,-0.150078079,-0.126106947,-0.910219523,0.646315114,-0.302424718,0.276678693,0.02370281,0.463547488
6C_9713,0.907635725,0.631879803,0.271611361,-0.515952689,0.72625248,-0.126269101,0.285055575,0.522775126,0.396098086,-0.498687579,0.580520161,0.897482418,-0.474285302,-0.524303378,0.559484855,-0.504120348,-0.081780796,0.330576527,-1.110885098,-0.001842789,-0.033893384,0.021510502,-0.889888694,0.623457621,0.598601716,-0.603967406,0.7376986,-0.575073846,-0.04503532,-0.740288861,0.346767604,-0.343931074,0.128524192,-0.548720751,0.026843565,0.025704782,-0.444114093
6C_9717,0.276754572,-0.034747804,-0.585814786,-0.843626698,0.092700072,0.32087011,0.719437549,0.389255886,-0.691630128,0.001037942,-0.091641385,-0.318095808,-0.641489815,0.13543571,0.038184548,0.330707504,-0.153223572,-0.165568712,-0.684270095,0.699530542,-0.52860119,0.520385473,0.611998457,0.347614221,-0.154797493,0.17776307,0.09188648,-1.17007606,-0.42758417,-0.356283872,0.111706289,-0.387667518,0.101496678,-0.728515163,0.434613575,0.050630859,0.964980493
6C_9726,0.533732181,0.842884402,0.650749925,-0.429983119,1.188664886,-1.042154347,0.394871325,0.038179684,-0.159241071,-1.311863221,1.268778925,0.966378381,-0.407418358,-1.218954953,1.177855757,-1.324982501,0.098058092,0.87436426,-0.410318902,0.289132379,-1.012137045,0.196460634,-0.503366166,0.752327249,0.57482097,-0.468342954,-0.158718974,-0.713877935,0.035506045,0.08873684,-0.19976884,-0.047220529,0.330629781,-0.592338359,0.43378929,0.007392072,0.140684188
6C_9728,0.236121063,0.222110394,0.751805133,-0.421991481,0.306327593,-1.086206533,0.293164158,0.471853668,-1.233045115,-0.906468198,0.467410948,0.490058925,-0.572252232,-0.449137343,-0.144414994,-0.290529931,-0.543626413,0.257564562,0.421629823,0.627136994,-0.019394916,0.310007474,-0.435368208,0.930574459,-0.355668459,-0.436471914,0.428123711,-0.21807208,-0.340053007,-0.425934954,0.322469694,-0.683486415,0.407192483,-0.85493822,1.412955475,-0.303133044,0.04611575
6C_9730,1.327029572,0.611487984,1.604641565,-1.139027894,1.170366585,-0.386725988,-0.827509587,0.139924021,-1.166365256,-0.674740816,0.596083388,0.628139122,-0.858622262,-0.110548148,-0.104042622,-0.07024673,-0.112382277,0.899111023,-0.505980607,-0.038312869,-0.2804851,0.434450063,0.329845432,0.460972679,-0.441316651,-0.67808685,0.242633358,-0.880706876,-0.577508673,-0.533531449,0.295039513,-1.152521673,0.435739434,-0.71224347,0.266023847,0.017329095,0.700485081
6C_9733,0.907267763,0.614125725,0.407170332,-0.171410767,0.331143344,-0.520953244,-0.010590005,0.789237478,-0.004429193,-0.930434014,0.986366154,0.718296628,-1.125440421,-0.394403963,0.584069124,-0.299764645,-0.36571762,0.642447275,-0.426514377,0.326939093,-0.843752041,0.307230284,0.592703575,1.023570054,0.328839276,-0.033119044,1.012164187,-0.54866693,-0.436459589,-0.892498771,0.76500778,-0.463302928,-0.072461229,-1.316552244,0.764900351,0.329694424,0.067643635
6C_9762,-0.029292804,0.744558812,0.040786458,0.061159645,0.016067946,1.019860957,-1.227333554,0.169402967,-0.049249931,0.574867184,0.289334237,0.248328632,0.825904715,-0.172969286,-0.633608642,0.322702439,0.329504106,-0.30893027,-0.265311112,-0.079064595,0.304114282,0.744053754,0.836335251,-0.010642657,0.411340979,-0.105768218,0.054498489,0.096432779,-0.554865772,-0.661943313,-0.488225075,-0.489842053,-0.662480122,-0.5746385,-0.340958828,0.736021209,0.73621105
6C_9764,-0.100558382,0.786020263,0.545672664,-0.042261693,0.963090236,-0.053266376,-0.774919579,0.448170279,0.180622673,-0.405622066,1.220766058,0.623167784,-1.17531224,-0.914762905,0.957369411,-0.5449287,-0.077646996,-0.024501445,-0.721372897,-0.030215472,0.174269759,0.319337601,0.137256663,0.049592641,0.574663098,-0.055804399,0.62520957,-0.413686649,-0.489428074,-0.376656486,0.186923409,-0.236448867,-0.063430306,-0.654882597,-0.219951188,0.396202038,-0.416587415
6C_9766,0.299025707,-0.049749625,0.587739458,-0.336109062,0.191772809,0.849685271,-0.232795027,1.4827698,0.074880968,0.269689256,0.196657224,0.547699428,-1.459773889,-0.647475953,-0.131986004,-0.189800914,-0.270966808,0.021431973,-0.293721039,1.15727249,-0.530625085,-0.775209769,-0.143956097,1.329777582,0.293308299,-0.621469155,1.717323236,-0.998803014,-0.657072176,-0.522261259,1.276982357,-1.031496076,0.235208559,-0.449641364,0.180465189,-0.041765575,-0.453281957
6C_9772,0.267795667,0.537362436,0.231880172,-0.442981978,0.199088362,-0.418986757,0.614467927,0.955253145,-0.597340021,-0.524086538,0.382193479,0.604572486,-0.268631723,-0.278627838,0.064987109,-0.271965055,0.005879102,0.74338989,-0.068350197,0.902273905,-0.65698406,-0.04344285,-0.20559274,0.809645003,0.334446957,-0.313508195,0.933467853,-1.12061818,-0.262276184,0.078325281,-0.100879146,-0.65754093,-0.035289836,-0.852238044,0.391974675,0.043495125,-0.16436306
6C_9778,0.324825764,1.037145925,0.730958094,-0.3892048,0.984974293,0.38769757,-1.072981454,1.177673097,-0.239496993,0.59232292,1.193597846,0.901296263,-0.853285069,-1.002128774,0.856010645,-0.486795658,-0.007059997,0.913024428,-0.441096692,0.414546402,-0.289488108,-0.114372915,-0.795691105,1.34778322,1.100861512,-0.926406732,1.176907011,-1.051533426,-0.487794196,-0.68993002,-0.137429868,-0.166009594,0.08709886,-0.97951009,0.906713192,0.143082375,-0.478496779
6C_9781,0.951492028,0.441920216,1.061084702,-0.505239704,0.925512747,0.063961514,0.470024965,0.789916885,-0.699617313,-0.634232016,0.933685411,0.523361646,-1.034554633,-0.501898033,-0.486705943,-0.179544026,-0.596867448,0.719622134,-0.194379704,0.68469179,-0.567124591,0.194426228,0.233053542,0.407598859,0.098066706,-0.413300394,0.773840447,-0.804634137,-0.768674341,-0.483497393,0.149399418,-0.671660623,0.330937214,-0.954456769,0.579969471,-0.125869583,0.1823277
6C_9782,0.951911345,-0.283709653,0.208852241,-0.943641489,-0.606389281,0.650062158,0.431321896,1.22580972,0.045077072,0.764707975,0.246377921,-0.206377608,-1.135670371,-0.275949847,-0.073655249,0.08201523,-0.411973008,0.413224459,-0.005489346,1.215369295,-0.987598507,-0.683443397,0.054852552,0.279614332,-0.403912942,-0.409894822,1.24342576,-1.144967469,-0.030347226,-0.7577975,0.568531371,-1.062126967,-0.040247174,-1.206747647,-0.108337557,-0.141981198,0.682385119
6C_9792,0.914769061,-0.2229994,0.905301277,-0.468080334,0.812872668,1.401725092,0.239789013,0.822413037,0.135771007,1.208436604,0.535483086,0.093645431,-1.165980614,-0.431791471,-0.096087953,-0.484885173,-0.574285031,1.096854297,0.451296153,1.234139293,-1.064001042,-0.122783671,-0.431138346,0.651426494,-0.466884014,-0.8505594,0.845176353,-1.023690816,-1.217988343,-0.398382315,0.767944904,-1.078917236,0.74055953,-1.214797963,0.764433523,-0.937113874,0.611647458
6C_9794,0.437582899,0.08069172,0.251784207,-0.627482112,0.38034743,0.894075559,-1.042097552,0.431062513,-0.605807609,0.973434744,0.625842704,0.243964562,-0.424805758,-0.149867286,-0.115499978,0.125363154,-0.299142713,0.145930333,-0.517498704,0.844083418,-0.075073877,-0.930299428,-0.000308272,0.457810856,0.089078558,-0.99903632,0.336000445,-0.598035144,-0.105140938,-0.758517914,0.300393667,-0.779022609,0.413116581,-0.651843835,0.301040406,-0.750354025,0.184239832
6C_9805,1.207436256,0.135603641,0.566958933,-0.6995251,0.474272558,-0.85228803,-0.35232882,0.61111317,-0.452891394,-0.862793444,0.83735301,0.230559213,-0.689880649,-0.401005361,0.963021172,-0.398051413,-0.572620436,0.391128475,0.353872002,0.420221876,-0.667758357,0.462232425,-0.730296518,0.638105381,0.100798271,0.042519045,0.675421625,-0.80058986,-0.447040064,-0.404481859,0.092822723,-0.77685808,0.209741805,-1.044302529,0.983137081,-0.431780654,0.546199759
6C_9808,0.126034397,0.394020488,0.332108887,-0.819192889,0.987565094,0.106247792,-0.629509306,1.296445382,-0.205217679,0.166507165,0.748838612,0.195027145,-0.590835151,-0.644642154,0.176121167,-0.420705047,-0.44163208,0.673935142,0.039803583,0.797133947,-0.330730014,-0.240846846,-1.335468546,0.785665586,-0.127497598,-0.599771143,1.153140805,-1.367293931,-0.473971649,-0.574906811,-0.499544515,-0.348840003,0.041634647,-1.260189621,0.618265847,-0.326479816,-0.201054143
6C_9819,0.424511296,-0.100621573,-0.065819498,-0.249220641,-0.29925886,-0.431502844,-0.591203973,0.156779018,0.415445545,-0.40740945,0.393276059,0.07435034,-0.643175003,-0.336132282,0.8595678,-0.158558416,0.123046264,-0.034856559,-0.134091211,0.23780325,0.169282643,0.311548113,-0.071957946,0.374873783,0.783288325,0.165710203,0.357283993,-0.22536832,0.040368374,-0.3988781,-0.863223877,-0.611057342,-0.290544986,-0.537327941,-0.295114878,0.09918327,0.344453224
6C_9832,-0.080504976,0.959575058,0.484476396,-0.23007239,0.476887149,-0.537493305,-0.425713813,0.78373087,-0.508519931,-1.034184242,1.074566531,0.89683604,-1.021598359,-0.389409029,1.662763374,-1.374044648,-0.346018929,-0.049270857,-0.89936897,-0.183984889,-0.037140907,0.290830938,-0.886936545,0.98413448,0.196765207,-0.423499178,0.723797964,-0.399810856,-0.169940123,-0.71790766,0.476651651,-0.062808509,0.602894743,-1.044170135,0.161745751,0.046601026,0.585693813
6C_9854,0.837279529,0.726538698,1.090642392,-0.316493368,0.84039686,-0.849732727,-0.30260553,0.626860778,-0.501359323,-1.138476257,0.859590342,0.857445813,-0.359504904,-0.548054384,-0.046633949,-0.44802382,-0.537508088,0.543383056,-0.584916918,0.690927978,-0.279957662,0.346448564,-0.098675754,0.633958236,-0.211681634,0.101858389,0.566541017,-0.696891884,-0.27153475,-0.469947613,0.342027847,-0.550817028,-0.367382523,-0.59174204,-0.198697042,-0.055759423,0.466337416
6C_9877,0.25166189,0.398571076,0.299875926,0.05961623,0.052970272,-0.140897427,-0.122044153,0.63119203,-0.264001027,-0.378961071,1.015738819,0.190091455,-0.972327445,0.245322652,0.352199625,1.059663535,0.256520474,0.131730494,-0.126128346,0.989146763,-0.325854275,-0.098950611,0.339680029,0.769780998,0.14023272,-0.248404535,0.614719309,-0.550708158,-0.633010763,-0.625529382,-0.216809543,-0.609937172,0.243012747,-0.714141193,0.427142939,0.402187755,1.073460574
6C_9887,0.801337385,1.053032158,0.412223039,-0.109996991,1.038645448,-1.281228862,-0.639882867,1.090715363,-0.173830829,-1.01365333,1.197121298,1.012890195,-1.002241001,-0.856484409,1.340808488,0.025512236,0.066441729,-0.069930716,-0.689117257,-0.459982541,-0.185848329,0.887062874,-0.838987849,1.1233774,0.116412882,-0.435825459,1.243860529,-1.608100673,-0.192039412,-0.797284076,0.363744829,0.14227602,-0.374888962,-1.336098181,-0.363351164,1.552581572,-0.489706229
6C_9888,0.217078688,0.303583094,0.506516321,-0.169990906,0.046280894,-0.346164741,-0.551565637,0.049918435,-0.044354489,-0.393873799,0.734806369,0.354947918,-1.113810778,-0.49796898,1.246993101,0.256464334,-0.237904461,-0.503001411,0.349844295,0.475153798,-0.148734749,-0.130692113,-0.389023841,0.44267403,0.118201655,-0.327706548,0.443502206,-0.813441746,-0.122396737,-0.867834575,0.337301931,-0.762897856,0.675073323,-1.035838803,0.891974178,-0.181825106,0.315407461
6C_9890,0.677682249,0.65209411,0.356630124,-0.454982757,0.210092119,-1.348928922,-0.565208608,-0.059132205,-0.515883975,-1.133812545,0.840326242,0.306533033,-0.186126356,0.122641529,0.174206773,0.624695612,-0.117519482,-0.046781247,-0.22430875,0.179544646,-0.122660119,0.168991302,0.932072297,0.078389518,0.528708099,-0.480955665,0.009506462,0.520624624,-0.390711768,-0.346538595,0.34182835,-0.275993853,-0.422943652,-0.229179598,0.557032592,0.352864469,1.110496777
6C_9902,-0.310614179,0.77894995,0.719161659,-0.968154843,0.561803372,-0.811941231,0.5794923,0.148368289,0.076670556,-1.086559343,0.893624819,0.940354879,-0.59508993,-0.217158503,0.075995201,0.004454452,-0.190274574,0.27368758,-0.069125381,0.187421522,0.105456207,0.209346913,-0.299932736,0.630704023,0.545887058,-0.375539287,0.233751757,-0.548632028,-0.428030433,-0.267740219,0.021448762,-0.512417519,-0.111683558,-0.799236517,0.53697259,0.075240817,0.265321045
6C_9905,0.917543754,0.015597847,0.215961514,-0.457330555,0.597569385,0.18857397,0.122606207,0.372622273,-0.624185891,0.072110129,0.6008283,0.358341108,-0.182348839,-0.738166724,0.147037148,-0.55509169,-0.336260407,-0.169294924,-0.242683,0.186859352,-0.390382917,-0.199313181,0.187378157,0.192847567,-0.307787327,-0.598723445,0.109487132,-0.843077695,0.122134253,-0.938948276,0.09673889,-0.766211769,0.05623377,-0.556071851,0.324624999,-0.532773801,-0.404131293
6C_9917,0.12616817,-0.109613704,0.617525458,-0.575517246,0.699234342,-0.600249692,-0.337604838,0.365563752,-0.666714816,-0.430748949,0.601697728,0.24735309,-1.019772981,-0.28334119,0.356571473,-0.051517529,-0.208409824,0.460725057,0.556961992,0.113025531,-0.677887279,-0.300848153,0.059218374,0.318333944,-0.229020366,-0.290830732,0.742988194,-0.414531297,-0.639599538,-0.239653344,0.574291673,-0.817464328,-0.015453456,-0.576708498,0.776082558,-0.602573225,0.048284747
6C_9943,0.710226132,-0.282921484,-0.349545215,0.067620396,-0.01852696,-0.418521361,0.369124666,-0.408637582,0.107145531,-0.488482143,0.447525237,0.000322795,-0.498140146,0.513461401,0.276003901,-0.086645282,-0.227632748,-0.43150202,0.559390101,0.239018898,-0.234706013,-0.281740613,0.747663204,-0.640241987,0.908472308,-0.397861346,-0.141108013,-0.178982212,0.108172834,-0.004258779,0.422835722,-0.600661253,0.910202447,-0.459332829,1.146666575,-0.312479135,0.897523055
6C_9962,0.310548276,0.595242989,0.396827717,0.298534708,0.037257876,0.558956497,-0.403301669,0.079425183,-0.068378969,0.7374504,0.527515324,0.483048661,-1.176383565,-0.307850117,-0.116917788,0.096292363,0.121561265,0.791380429,-0.132164185,-0.097784698,0.207707918,0.500016773,0.064775503,-0.371192776,0.386814468,-0.311360447,0.237096739,0.319456928,-0.311840061,0.207184581,0.193566516,-0.497805605,-0.078141104,-0.414304399,-0.021705273,0.864585131,-0.198214306
6C_9965,0.463393182,0.44034673,0.397076519,-1.366579641,0.411232449,0.048052849,-0.346874594,0.313409291,-0.54266482,-0.120274207,0.719217742,0.664801585,-0.345824968,-0.015681935,1.490926386,-0.269915686,-0.40380194,0.838296172,-0.553122936,0.624768912,-0.657909214,-0.30429102,-0.646933152,0.439841029,0.634800088,0.16964291,0.357024034,-0.486805621,-0.284137748,-0.364516154,0.178562654,-0.166523445,-0.002951928,-0.406886529,0.329154582,-0.660920255,0.265171512
6C_9968,0.516919246,0.551683364,0.551821432,-0.642541984,0.389754869,-0.215658576,0.404856018,-0.453169812,-0.20520573,0.168911448,0.783205306,0.607082307,-0.387032657,-0.277834176,0.510675577,-0.548326938,-0.736194615,0.239819731,0.251973239,0.115871231,-0.4738636,-0.460881483,0.11494876,-0.2642704,-0.636016929,-0.533672924,-0.429087716,-0.444973279,-0.408372717,0.167420473,0.160980287,-0.871440771,0.073071606,-0.097256847,0.71748362,-0.004737226,1.094237688
6C_9978,0.489539975,0.265918535,-0.069891884,-0.241652946,-0.373944209,-0.147590551,0.031565467,0.040846823,0.183371338,-0.096413061,0.148354802,0.198437874,-0.456323333,0.274748921,-0.007535224,0.282013002,0.406309664,-0.087534119,0.233281888,-0.103528053,0.134026097,0.060942616,0.732059359,0.549396419,0.301234688,0.182016192,0.349606359,-0.385083357,-0.34972919,-0.728959211,0.140805899,-0.373517136,-0.714370148,-0.758311543,-0.437273092,0.577532423,1.082584865
6C_9983,0.817869492,0.760953814,0.380773013,-0.919738456,0.791748667,-0.573687636,-0.963829334,-0.045060535,-0.618393714,-0.832246453,0.93067451,0.863542079,-0.432048621,-0.110872027,0.840156776,-0.65104795,-0.055909436,0.01511886,-0.139441313,0.18035308,0.149175704,0.036754393,-0.018859948,0.703455179,1.126010239,-0.278322412,0.56888629,-0.052751113,0.230003258,-0.515337398,-0.154698121,-0.094035296,0.183774538,-0.450805817,0.335556783,0.256886367,0.12174913
6C_10012,0.975799006,0.092323325,-0.116342838,-0.027971229,0.529599434,0.022494596,-1.319789452,-0.828376193,-0.984543862,0.186681145,0.840108273,0.20009104,-0.331048261,0.728626687,1.018948305,-0.873090571,-0.897959487,-0.154297499,-0.568308322,0.769700041,-0.15130906,-0.348409632,-0.049756025,0.171105735,0.993450208,0.148262401,-0.258324399,0.161044694,-0.037507409,-0.577270681,0.68593588,-0.608376087,0.202374069,-0.392435369,0.059399663,-0.321815398,1.939265032
6C_10020,0.46879321,0.446206061,0.610491113,-0.628173317,0.802014608,0.527440589,-0.309604351,0.81006004,-0.515323325,0.266858518,0.204869165,0.547216414,-0.96085174,-0.665741405,0.276037986,-0.68916992,-0.550741818,0.934478005,-0.474528747,0.55799522,-0.797396287,-0.449455357,-0.056754793,0.474807121,0.008334015,-0.899866337,1.06471642,-0.801884924,-0.873724704,-0.238034639,0.832860421,-0.97948317,0.033402063,-1.040979603,-0.218039761,-0.677873681,-0.246629703
6C_15593,0.412020513,-0.164667431,-0.363064331,-0.90331808,-0.322258316,0.415244624,0.527686653,0.549778309,-0.374042715,0.396008098,0.282445698,-0.242823193,-0.724475488,-0.140578103,-0.35504696,0.043290091,-0.165278492,-0.53010949,0.169002866,0.717752891,-0.791663048,-0.681083471,0.520215787,0.354073521,-0.377091582,-0.400767064,0.583405276,-0.416878471,-0.181616906,-0.480246251,0.564715631,-1.049013914,-0.334006257,-0.619933417,0.912076484,-0.826645475,-0.031137404
